latitude,longitude,bright_ti4,scan,track,acq_date,acq_time,satellite,instrument,confidence,version,bright_ti5,frp,daynight,type
47.99961,28.5843,317.42,0.34,0.56,2024-01-02,2319,N20,VIIRS,n,2,263.58,1.6,N,0
45.96941,28.66134,342.1,0.4,0.44,2024-02-02,1123,N20,VIIRS,n,2,280.55,8.54,D,0
46.61625,29.12349,295.73,0.49,0.4,2024-02-07,2345,N20,VIIRS,n,2,272.61,1.5,N,0
46.61556,29.12979,319.06,0.49,0.4,2024-02-07,2345,N20,VIIRS,n,2,276.23,1.5,N,0
45.86218,28.124,333.86,0.43,0.38,2024-02-08,1110,N20,VIIRS,n,2,286.31,8.95,D,0
45.86285,28.12957,331.54,0.43,0.38,2024-02-08,1110,N20,VIIRS,n,2,285.78,10.94,D,0
45.8986,28.16067,338.48,0.45,0.39,2024-02-15,1039,N20,VIIRS,n,2,283.14,13.61,D,0
45.8966,28.16342,338.41,0.45,0.39,2024-02-15,1039,N20,VIIRS,n,2,281.55,5.43,D,0
45.90008,28.16204,341.46,0.45,0.39,2024-02-15,1039,N20,VIIRS,n,2,278.38,5.43,D,0
48.23501,27.23011,333.4,0.4,0.37,2024-02-19,1105,N20,VIIRS,n,2,275.3,2.96,D,0
45.79367,28.60342,337.32,0.4,0.37,2024-02-20,1045,N20,VIIRS,n,2,278.89,21.74,D,0
46.64838,29.11232,354.16,0.42,0.61,2024-02-22,1148,N20,VIIRS,n,2,287.99,5.27,D,0
47.70939,28.86058,327.59,0.42,0.61,2024-02-22,1149,N20,VIIRS,n,2,282.54,2.09,D,0
45.62094,28.16523,339.87,0.44,0.46,2024-02-23,1129,N20,VIIRS,n,2,285.49,27.19,D,0
45.61666,28.16579,338.06,0.44,0.46,2024-02-23,1129,N20,VIIRS,n,2,278.73,4.57,D,0
46.74462,29.80141,350.52,0.54,0.51,2024-02-23,1130,N20,VIIRS,n,2,290.35,8.84,D,0
46.7428,29.80265,326.11,0.54,0.51,2024-02-23,1130,N20,VIIRS,n,2,289.68,4.67,D,0
46.75745,28.4635,336.96,0.47,0.48,2024-02-23,1130,N20,VIIRS,n,2,286.19,5.56,D,0
46.75757,28.46461,339.16,0.47,0.48,2024-02-23,1130,N20,VIIRS,n,2,287.16,10.95,D,0
46.74749,29.80206,341.33,0.54,0.51,2024-02-23,1130,N20,VIIRS,n,2,290.29,4.67,D,0
46.634,29.34002,326.38,0.7,0.75,2024-02-24,0931,N20,VIIRS,n,2,285.35,7.02,D,0
45.74748,28.38368,337.08,0.44,0.38,2024-02-24,1110,N20,VIIRS,n,2,291.72,15.12,D,0
46.02428,28.34722,325.31,0.44,0.38,2024-02-24,1110,N20,VIIRS,n,2,291.36,1.66,D,0
45.87398,28.17754,331.3,0.43,0.38,2024-02-24,1110,N20,VIIRS,n,2,290.29,4.12,D,0
47.76661,29.19222,328.59,0.49,0.4,2024-02-24,1111,N20,VIIRS,n,2,288.81,4.45,D,0
46.86283,29.2009,325.93,0.48,0.4,2024-02-24,1111,N20,VIIRS,n,2,288.32,2.96,D,0
45.60282,28.15119,335.29,0.49,0.65,2024-02-25,2307,N20,VIIRS,n,2,273.89,4.4,N,0
45.60267,28.15768,322.34,0.49,0.65,2024-02-25,2307,N20,VIIRS,n,2,274.61,4.4,N,0
45.65823,28.16605,355.53,0.49,0.65,2024-02-25,2307,N20,VIIRS,n,2,274.48,5.69,N,0
45.65735,28.16844,298.02,0.51,0.5,2024-02-26,0048,N20,VIIRS,n,2,264.94,1.25,N,0
45.65303,28.16626,300.19,0.51,0.5,2024-02-26,0048,N20,VIIRS,n,2,264.53,1.35,N,0
46.35211,29.82655,331.42,0.44,0.39,2024-02-26,1033,N20,VIIRS,n,2,285.28,3.25,D,0
46.54176,29.5023,338.47,0.45,0.39,2024-02-26,1033,N20,VIIRS,n,2,285.22,4.47,D,0
47.58454,27.94404,337.84,0.5,0.49,2024-02-27,1014,N20,VIIRS,n,2,275.8,5.05,D,0
46.45297,29.21316,354.13,0.6,0.53,2024-02-28,1136,N20,VIIRS,n,2,291.16,17.02,D,0
48.20457,28.09966,326.36,0.52,0.41,2024-02-29,1117,N20,VIIRS,n,2,285.01,3.09,D,0
48.2018,28.10058,325.42,0.52,0.41,2024-02-29,1117,N20,VIIRS,n,2,285.03,1.75,D,0
47.87103,28.58893,339.94,0.4,0.44,2024-03-03,1021,N20,VIIRS,n,2,284.59,7.49,D,0
48.37897,27.08122,328.33,0.45,0.47,2024-03-03,1021,N20,VIIRS,n,2,276.31,3.11,D,0
47.83206,28.6428,329.14,0.63,0.54,2024-03-04,1002,N20,VIIRS,n,2,287.63,20.01,D,0
47.88032,28.63525,328.74,0.63,0.54,2024-03-04,1002,N20,VIIRS,n,2,284.06,4,D,0
46.70271,29.77404,329.21,0.61,0.53,2024-03-04,1002,N20,VIIRS,n,2,290.67,3.2,D,0
47.83424,28.65072,338.37,0.63,0.54,2024-03-04,1002,N20,VIIRS,n,2,286.55,20.01,D,0
47.82917,28.64734,325.24,0.34,0.56,2024-03-04,1142,N20,VIIRS,n,2,285.67,1.97,D,0
47.76563,28.16174,338.29,0.33,0.55,2024-03-04,1142,N20,VIIRS,n,2,288.41,4.81,D,0
47.78944,28.95593,325.12,0.35,0.57,2024-03-04,1142,N20,VIIRS,n,2,287.16,1.52,D,2
47.61262,27.60213,329.91,0.61,0.53,2024-03-04,1142,N20,VIIRS,n,2,287.9,4.14,D,0
47.1276,28.70109,328.77,0.34,0.56,2024-03-04,1142,N20,VIIRS,n,2,289.13,2.47,D,0
47.91409,28.66661,330.36,0.34,0.56,2024-03-04,1142,N20,VIIRS,n,2,288.11,2.27,D,0
47.82949,28.64586,331.78,0.34,0.56,2024-03-04,1142,N20,VIIRS,n,2,286.35,3.79,D,0
47.82896,28.64267,325.78,0.34,0.56,2024-03-04,1142,N20,VIIRS,n,2,285.05,1.97,D,0
47.36703,28.42209,335.99,0.33,0.55,2024-03-04,1142,N20,VIIRS,n,2,285.27,4.44,D,0
46.69386,29.78503,336.71,0.38,0.59,2024-03-04,1142,N20,VIIRS,n,2,290.46,2.01,D,0
46.4563,29.62484,350.61,0.37,0.58,2024-03-04,1142,N20,VIIRS,n,2,291.93,3.98,D,0
47.36681,28.41737,347.01,0.33,0.55,2024-03-04,1142,N20,VIIRS,n,2,287.41,5.07,D,0
47.78917,28.95671,308.77,0.41,0.37,2024-03-04,2357,N20,VIIRS,n,2,274.1,1.63,N,2
47.83124,27.69197,309.65,0.44,0.39,2024-03-04,2357,N20,VIIRS,n,2,273.23,1.08,N,0
47.82985,27.68769,302.99,0.73,0.76,2024-03-05,0137,N20,VIIRS,n,2,270.95,1.39,N,0
45.96721,28.33964,298.56,0.34,0.56,2024-03-06,2319,N20,VIIRS,n,2,271.51,0.58,N,0
46.0041,28.32455,332.3,0.41,0.37,2024-03-07,1045,N20,VIIRS,n,2,283.94,4.82,D,0
47.38594,28.42515,329,0.4,0.37,2024-03-07,1046,N20,VIIRS,n,2,287.13,1.76,D,0
47.47081,28.51385,331.83,0.39,0.37,2024-03-07,1046,N20,VIIRS,n,2,285.53,7.94,D,0
47.50988,27.70805,340.51,0.41,0.37,2024-03-07,1046,N20,VIIRS,n,2,284.51,3.84,D,0
47.47116,28.52179,325.79,0.42,0.38,2024-03-09,0022,N20,VIIRS,n,2,265.94,3.85,N,0
47.47015,28.5272,317.54,0.42,0.38,2024-03-09,0022,N20,VIIRS,n,2,267.24,3.85,N,0
47.46781,28.52039,307.59,0.42,0.38,2024-03-09,0022,N20,VIIRS,n,2,265.13,3.85,N,0
47.04181,28.48214,302.75,0.42,0.38,2024-03-09,0022,N20,VIIRS,n,2,267.83,0.59,N,0
47.7904,28.95413,307.49,0.43,0.38,2024-03-09,0022,N20,VIIRS,n,2,270.66,1.83,N,2
47.53771,28.96159,339.16,0.53,0.5,2024-03-09,1008,N20,VIIRS,n,2,295.42,9.65,D,0
47.5421,28.95926,333.86,0.53,0.5,2024-03-09,1008,N20,VIIRS,n,2,290.12,9.65,D,0
47.53941,28.96822,328.71,0.53,0.5,2024-03-09,1008,N20,VIIRS,n,2,287.05,9.54,D,0
47.28867,28.18965,338.24,0.59,0.53,2024-03-09,1008,N20,VIIRS,n,2,287.79,7.38,D,0
47.31911,28.30574,344.39,0.58,0.52,2024-03-09,1008,N20,VIIRS,n,2,290.83,23.24,D,0
47.28699,28.18362,337.8,0.59,0.53,2024-03-09,1008,N20,VIIRS,n,2,288.57,10.02,D,0
47.31993,28.30636,352.61,0.58,0.52,2024-03-09,1008,N20,VIIRS,n,2,287.89,20.56,D,0
46.15358,28.45572,326.78,0.39,0.59,2024-03-09,1148,N20,VIIRS,n,2,292.78,1.69,D,0
46.5197,28.36466,328.07,0.39,0.59,2024-03-09,1148,N20,VIIRS,n,2,291.43,1.71,D,0
47.31759,28.31414,339.34,0.39,0.59,2024-03-09,1149,N20,VIIRS,n,2,288.62,4.22,D,0
47.06815,28.75958,336.95,0.41,0.6,2024-03-09,1149,N20,VIIRS,n,2,287.12,2.91,D,0
47.14824,28.35924,334.66,0.39,0.59,2024-03-09,1149,N20,VIIRS,n,2,289.75,2.6,D,0
47.18086,28.50099,349.86,0.4,0.6,2024-03-09,1149,N20,VIIRS,n,2,291.24,5.72,D,0
47.18068,28.49569,354.8,0.4,0.6,2024-03-09,1149,N20,VIIRS,n,2,294.01,5.72,D,0
47.17992,28.497,367,0.4,0.6,2024-03-09,1149,N20,VIIRS,h,2,294.79,5.24,D,0
47.18008,28.50231,330.59,0.4,0.6,2024-03-09,1149,N20,VIIRS,n,2,290.9,5.24,D,0
47.67939,27.80462,339.33,0.37,0.58,2024-03-09,1149,N20,VIIRS,n,2,294.87,4.98,D,0
47.67959,27.8097,356.65,0.37,0.58,2024-03-09,1149,N20,VIIRS,l,2,289.67,4.53,D,0
47.68165,27.80864,367,0.37,0.58,2024-03-09,1149,N20,VIIRS,h,2,290.11,9.52,D,0
47.68148,27.80357,339.45,0.37,0.58,2024-03-09,1149,N20,VIIRS,n,2,294.36,8.1,D,0
47.78874,28.95311,307.97,0.39,0.36,2024-03-10,0003,N20,VIIRS,n,2,271.77,1.17,N,2
47.2527,28.68008,345.25,0.45,0.63,2024-03-10,0949,N20,VIIRS,n,2,288.41,8.13,D,0
47.3666,28.25689,325.12,0.47,0.64,2024-03-10,0949,N20,VIIRS,n,2,286.07,1.43,D,0
47.83382,28.10831,356.02,0.46,0.63,2024-03-10,0950,N20,VIIRS,n,2,289.14,5.64,D,0
47.90633,28.66625,333.71,0.43,0.62,2024-03-10,0950,N20,VIIRS,n,2,290.97,4.69,D,0
47.90987,28.66905,348.68,0.43,0.62,2024-03-10,0950,N20,VIIRS,n,2,289.23,5.53,D,0
47.90796,28.67143,339.16,0.43,0.62,2024-03-10,0950,N20,VIIRS,n,2,288.43,5.42,D,0
46.64748,28.2676,326.99,0.46,0.47,2024-03-10,1129,N20,VIIRS,n,2,293.78,2.29,D,0
47.67322,27.60109,335.91,0.44,0.46,2024-03-10,1130,N20,VIIRS,n,2,290.99,1.89,D,0
48.34341,27.83451,343.82,0.45,0.47,2024-03-10,1130,N20,VIIRS,n,2,287.67,5.75,D,0
48.33595,27.30978,352.29,0.43,0.46,2024-03-10,1130,N20,VIIRS,n,2,290.52,10.55,D,0
46.99988,29.44882,336.33,0.52,0.5,2024-03-10,1130,N20,VIIRS,n,2,292.41,2.71,D,0
46.99879,29.44763,338.21,0.52,0.5,2024-03-10,1130,N20,VIIRS,n,2,293.11,3.3,D,0
47.89106,28.12227,330.34,0.46,0.47,2024-03-10,1130,N20,VIIRS,n,2,291.83,1.51,D,0
47.24968,28.67465,332.99,0.48,0.48,2024-03-10,1130,N20,VIIRS,n,2,292.13,3.04,D,0
47.25366,28.66761,338.52,0.48,0.48,2024-03-10,1130,N20,VIIRS,n,2,297.94,30.8,D,0
47.25643,28.66498,350.14,0.48,0.48,2024-03-10,1130,N20,VIIRS,n,2,296.06,27.5,D,0
47.32101,28.56357,325.4,0.48,0.48,2024-03-10,1130,N20,VIIRS,n,2,288.24,1.17,D,0
47.3692,28.2565,325.6,0.46,0.47,2024-03-10,1130,N20,VIIRS,n,2,289.8,2.98,D,0
47.52791,28.36459,328.41,0.47,0.48,2024-03-10,1130,N20,VIIRS,n,2,296.02,1.88,D,0
47.5323,28.36382,332.08,0.47,0.48,2024-03-10,1130,N20,VIIRS,n,2,294.8,1.72,D,0
46.30968,28.39544,330.1,0.44,0.38,2024-03-18,1039,N20,VIIRS,n,2,289.23,2.45,D,0
47.78838,28.95467,303.77,0.36,0.58,2024-03-22,2315,N20,VIIRS,n,2,267.85,0.99,N,2
47.79194,28.95257,296.93,0.36,0.58,2024-03-22,2315,N20,VIIRS,n,2,266.18,0.75,N,2
46.29129,28.42182,335.32,0.43,0.38,2024-03-23,1041,N20,VIIRS,n,2,296.83,10.97,D,0
47.78801,28.95198,300.01,0.55,0.43,2024-03-24,0035,N20,VIIRS,n,2,272.52,1.14,N,2
47.38444,28.40709,343.19,0.56,0.69,2024-03-24,1201,N20,VIIRS,n,2,288.74,4.27,D,0
47.28799,28.88741,367,0.59,0.7,2024-03-24,1201,N20,VIIRS,h,2,290.23,14.43,D,0
47.79011,28.95259,305.98,0.44,0.46,2024-03-26,2333,N20,VIIRS,n,2,274.42,0.98,N,2
47.78806,28.94926,297.07,0.47,0.64,2024-03-27,0113,N20,VIIRS,n,2,269.83,0.99,N,0
48.33826,27.03403,330.12,0.38,0.36,2024-03-27,1059,N20,VIIRS,n,2,289.54,1.51,D,0
47.53122,27.58576,309.15,0.5,0.49,2024-03-28,0053,N20,VIIRS,n,2,270.75,2,N,0
47.78727,28.95443,298.81,0.57,0.52,2024-03-28,0053,N20,VIIRS,n,2,277.28,1.05,N,0
47.53477,27.58133,297.19,0.5,0.49,2024-03-28,0053,N20,VIIRS,n,2,269.27,1.48,N,0
47.79324,28.95277,300.9,0.67,0.74,2024-03-28,2252,N20,VIIRS,n,2,277.64,1.64,N,2
47.45649,27.81826,326.64,0.47,0.48,2024-03-29,1018,N20,VIIRS,n,2,291.27,2.71,D,0
47.70879,27.72094,328.86,0.47,0.48,2024-03-29,1018,N20,VIIRS,n,2,292.35,2.37,D,0
47.47635,28.50784,333.78,0.44,0.46,2024-03-29,1018,N20,VIIRS,n,2,292.89,5.18,D,0
46.99648,29.43554,328.79,0.41,0.45,2024-03-29,1018,N20,VIIRS,n,2,295.17,2.38,D,0
47.56025,27.56611,332.39,0.48,0.48,2024-03-29,1018,N20,VIIRS,n,2,291.83,2.99,D,0
47.55875,27.55993,326.28,0.48,0.48,2024-03-29,1018,N20,VIIRS,n,2,294.04,2.99,D,0
47.3973,28.11798,333.53,0.51,0.66,2024-03-29,1159,N20,VIIRS,n,2,292.16,4.18,D,0
47.86476,28.9474,330.83,0.56,0.69,2024-03-29,1159,N20,VIIRS,n,2,285.64,2.53,D,0
47.78922,28.95253,305.79,0.39,0.36,2024-03-30,0012,N20,VIIRS,n,2,271.8,0.78,N,2
46.65725,28.33846,318.42,0.39,0.36,2024-03-30,0013,N20,VIIRS,n,2,273.88,1.6,N,0
48.12381,27.07011,339.92,0.52,0.5,2024-03-30,1138,N20,VIIRS,n,2,296.14,7.55,D,0
48.12426,27.07702,335.01,0.52,0.5,2024-03-30,1138,N20,VIIRS,n,2,293.98,6.04,D,0
46.70794,29.33849,348.81,0.32,0.55,2024-03-30,1138,N20,VIIRS,n,2,293.06,5.32,D,0
46.70815,29.34289,332.19,0.32,0.55,2024-03-30,1138,N20,VIIRS,n,2,290.32,4.45,D,0
47.87538,27.86836,320.5,0.48,0.4,2024-03-30,2352,N20,VIIRS,n,2,267.7,2.88,N,0
47.79078,28.95763,302.96,0.44,0.39,2024-03-30,2352,N20,VIIRS,n,2,280.96,1.5,N,0
47.33843,27.74971,347.29,0.49,0.4,2024-03-31,1117,N20,VIIRS,n,2,306.34,6.35,D,0
46.70275,28.31804,334.47,0.51,0.41,2024-03-31,1117,N20,VIIRS,n,2,301.38,5.55,D,0
46.7808,28.94114,333.74,0.54,0.42,2024-03-31,1117,N20,VIIRS,n,2,298.19,4.52,D,0
47.17661,28.29338,343.44,0.51,0.41,2024-03-31,1117,N20,VIIRS,n,2,307.88,18.29,D,0
47.17655,28.29231,341.47,0.51,0.41,2024-03-31,1117,N20,VIIRS,n,2,308.74,13.26,D,0
47.42934,28.52236,332.65,0.53,0.42,2024-03-31,1117,N20,VIIRS,n,2,302.57,8.26,D,0
47.34044,27.74779,337.2,0.49,0.4,2024-03-31,1117,N20,VIIRS,n,2,305.68,5.1,D,0
47.33676,27.74869,331.66,0.49,0.4,2024-03-31,1117,N20,VIIRS,n,2,305.61,5.1,D,0
47.85921,28.95146,331.65,0.56,0.43,2024-03-31,1118,N20,VIIRS,n,2,300.53,2.85,D,0
48.2411,27.47194,330.53,0.49,0.4,2024-03-31,1118,N20,VIIRS,n,2,304.69,2.92,D,0
48.15692,27.69609,334.59,0.5,0.41,2024-03-31,1118,N20,VIIRS,n,2,302.39,6.46,D,0
48.18349,28.3445,332.14,0.53,0.42,2024-03-31,1118,N20,VIIRS,l,2,302.71,7.65,D,0
47.78871,28.95317,299.96,0.47,0.48,2024-03-31,2331,N20,VIIRS,n,2,276.24,0.76,N,2
47.43882,28.16556,295.02,0.5,0.49,2024-03-31,2331,N20,VIIRS,n,2,278.45,0.4,N,0
47.79001,28.95417,298.7,0.45,0.63,2024-04-01,0111,N20,VIIRS,n,2,278.4,0.84,N,2
46.61095,29.17839,336.17,0.39,0.36,2024-04-01,1057,N20,VIIRS,n,2,301.16,3.6,D,0
48.2533,27.6155,336.07,0.38,0.36,2024-04-01,1057,N20,VIIRS,n,2,300.4,5.51,D,0
47.85818,28.98818,330.23,0.43,0.38,2024-04-02,1036,N20,VIIRS,n,2,304.16,1.89,D,0
47.2652,28.22277,333.73,0.46,0.39,2024-04-02,1036,N20,VIIRS,n,2,300.58,2.87,D,0
48.04102,28.68575,332.12,0.43,0.38,2024-04-02,1037,N20,VIIRS,n,2,302.4,3.19,D,0
47.33846,29.14994,322.14,0.7,0.75,2024-04-02,2250,N20,VIIRS,n,2,276.99,3.4,N,0
47.33714,29.14816,316.41,0.7,0.75,2024-04-02,2250,N20,VIIRS,n,2,276.31,2.76,N,0
47.78992,28.95188,308.46,0.5,0.41,2024-04-03,0030,N20,VIIRS,n,2,279.07,1.26,N,2
46.83121,28.14145,334.29,0.5,0.49,2024-04-03,1016,N20,VIIRS,n,2,299.29,2.97,D,0
46.81849,28.14816,332.77,0.5,0.49,2024-04-03,1016,N20,VIIRS,n,2,298.11,3.41,D,0
46.82427,28.1521,328.67,0.5,0.49,2024-04-03,1016,N20,VIIRS,n,2,298.09,4.37,D,0
46.82273,28.14592,325.42,0.5,0.49,2024-04-03,1016,N20,VIIRS,n,2,298.17,3.41,D,0
46.82697,28.1437,327.97,0.5,0.49,2024-04-03,1016,N20,VIIRS,n,2,299.41,2.97,D,0
48.28609,27.94408,327.01,0.47,0.64,2024-04-03,1157,N20,VIIRS,n,2,287.84,6.91,D,0
47.88313,28.64394,333.66,0.51,0.66,2024-04-03,1157,N20,VIIRS,n,2,291.24,7.42,D,0
47.88345,28.64227,339.04,0.51,0.66,2024-04-03,1157,N20,VIIRS,n,2,291.69,5.41,D,0
48.28268,27.94609,329.32,0.47,0.64,2024-04-03,1157,N20,VIIRS,n,2,288.35,4.39,D,0
48.28256,27.93957,336.22,0.47,0.64,2024-04-03,1157,N20,VIIRS,n,2,289.19,4.47,D,0
47.79056,28.95658,295.32,0.39,0.36,2024-04-04,0010,N20,VIIRS,n,2,267.44,1.1,N,2
47.78931,28.94907,296.24,0.71,0.75,2024-04-05,0130,N20,VIIRS,n,2,276.13,1.15,N,0
47.78771,28.951,297.65,0.71,0.75,2024-04-05,0130,N20,VIIRS,n,2,276.31,1.19,N,0
47.38999,28.46332,331.51,0.52,0.41,2024-04-05,1117,N20,VIIRS,n,2,292.04,4.87,D,0
47.47989,28.17881,331.93,0.5,0.41,2024-04-05,1117,N20,VIIRS,n,2,285.33,3.04,D,0
47.1677,29.17999,318.27,0.45,0.47,2024-04-05,2332,N20,VIIRS,n,2,278.71,1.29,N,0
47.54849,28.18398,335.92,0.39,0.36,2024-04-06,1058,N20,VIIRS,n,2,284.82,12.26,D,0
47.79134,28.95647,301.38,0.38,0.59,2024-04-06,2313,N20,VIIRS,n,2,282.17,0.94,N,2
47.78719,28.95654,304.14,0.54,0.42,2024-04-08,0034,N20,VIIRS,n,2,280.48,1.97,N,0
46.06435,28.51664,341.59,0.44,0.46,2024-04-08,1020,N20,VIIRS,n,2,304.67,5.84,D,0
47.28925,28.17317,330.45,0.43,0.46,2024-04-08,1021,N20,VIIRS,n,2,299.37,1.8,D,0
46.58974,29.38935,307.41,0.42,0.37,2024-04-09,0016,N20,VIIRS,n,2,279.47,1.13,N,0
47.78899,28.95515,315.42,0.4,0.37,2024-04-09,0016,N20,VIIRS,n,2,283.57,1.99,N,2
46.59308,29.39065,320.25,0.42,0.37,2024-04-09,0016,N20,VIIRS,n,2,279.66,1.13,N,0
47.37252,28.21475,336.73,0.34,0.56,2024-04-09,1002,N20,VIIRS,n,2,291.96,2.22,D,0
47.3739,28.2122,331.38,0.33,0.55,2024-04-09,1143,N20,VIIRS,n,2,285.86,1.93,D,0
47.78774,28.95615,310.15,0.41,0.37,2024-04-09,2357,N20,VIIRS,n,2,283.23,1.29,N,0
47.92936,27.43167,313.64,0.45,0.39,2024-04-09,2357,N20,VIIRS,n,2,280.45,1.36,N,0
47.92805,27.43251,306.15,0.45,0.39,2024-04-09,2357,N20,VIIRS,n,2,280.18,0.98,N,0
47.25358,28.63416,332.8,0.41,0.45,2024-04-10,1124,N20,VIIRS,l,2,306.63,5.01,D,0
47.68177,27.50807,344.41,0.56,0.43,2024-04-10,1124,N20,VIIRS,n,2,303.9,30.06,D,0
48.04218,28.68111,331.79,0.42,0.45,2024-04-10,1124,N20,VIIRS,l,2,304.79,1.05,D,0
47.78914,28.95272,310.44,0.39,0.44,2024-04-10,2338,N20,VIIRS,n,2,283.67,1.67,N,2
47.79281,28.95148,297.74,0.54,0.68,2024-04-11,0118,N20,VIIRS,n,2,280.9,1.5,N,2
48.00179,28.42764,344.61,0.42,0.38,2024-04-11,1105,N20,VIIRS,n,2,303.07,28.51,D,0
47.79244,28.9534,304.02,0.32,0.55,2024-04-11,2319,N20,VIIRS,n,2,280.26,0.79,N,2
47.79135,28.95187,295.25,0.32,0.55,2024-04-11,2319,N20,VIIRS,n,2,279.84,0.82,N,2
47.79115,28.9562,301.45,0.32,0.55,2024-04-11,2319,N20,VIIRS,n,2,282.05,0.96,N,2
47.79112,28.95455,312.59,0.34,0.56,2024-04-12,0100,N20,VIIRS,n,2,283.56,1.27,N,2
47.81913,27.78917,338.83,0.4,0.37,2024-04-12,1046,N20,VIIRS,n,2,296.91,9.16,D,0
48.30215,27.33046,336.74,0.4,0.37,2024-04-12,1046,N20,VIIRS,n,2,301.32,4.84,D,0
47.79229,28.95235,301.59,0.53,0.67,2024-04-12,2301,N20,VIIRS,n,2,280.68,1.36,N,2
46.30089,28.86658,336.96,0.54,0.42,2024-04-13,1027,N20,VIIRS,n,2,299.23,5.05,D,0
48.34937,27.01559,317.88,0.39,0.36,2024-04-14,0022,N20,VIIRS,n,2,271.47,1.39,N,0
47.7855,29.01546,297.05,0.43,0.38,2024-04-14,0022,N20,VIIRS,n,2,281.08,0.49,N,2
47.50058,28.05868,296.04,0.42,0.37,2024-04-14,0023,N20,VIIRS,n,2,279.58,0.28,N,0
47.50125,28.05764,296.07,0.42,0.37,2024-04-14,0023,N20,VIIRS,n,2,279.88,0.62,N,0
47.61388,28.98683,302.57,0.42,0.61,2024-04-15,0950,N20,VIIRS,l,2,302.98,60.57,D,0
46.38267,29.83177,339.65,0.42,0.61,2024-04-15,0950,N20,VIIRS,n,2,301.28,2.87,D,0
46.3879,29.82862,329.76,0.42,0.61,2024-04-15,0950,N20,VIIRS,l,2,301.27,2.87,D,0
47.39294,29.28867,332.26,0.41,0.61,2024-04-15,0950,N20,VIIRS,n,2,295.12,3.83,D,0
47.60883,28.99061,330.46,0.42,0.61,2024-04-15,0950,N20,VIIRS,n,2,292.44,2.14,D,0
47.61555,28.99229,367,0.42,0.61,2024-04-15,0950,N20,VIIRS,h,2,292.93,39.31,D,0
48.20251,27.37662,326.98,0.47,0.64,2024-04-15,0950,N20,VIIRS,n,2,293.28,3,D,0
47.60993,28.98832,355.51,0.51,0.5,2024-04-15,1131,N20,VIIRS,n,2,284.63,16.83,D,0
47.61452,28.98792,343.71,0.51,0.5,2024-04-15,1131,N20,VIIRS,n,2,285.44,16.83,D,0
45.84111,28.19969,331.8,0.44,0.38,2024-04-16,1111,N20,VIIRS,n,2,289.92,5.93,D,0
47.25379,28.63811,330.47,0.47,0.4,2024-04-16,1112,N20,VIIRS,l,2,303.02,3.13,D,0
47.23658,29.19975,312.93,0.39,0.36,2024-04-20,0011,N20,VIIRS,n,2,274.88,1.87,N,0
47.78446,29.01871,304.85,0.44,0.46,2024-04-21,2333,N20,VIIRS,n,2,276.62,1.15,N,2
47.78593,29.01633,301.31,0.48,0.64,2024-04-22,0113,N20,VIIRS,n,2,275.28,1.12,N,2
47.23262,29.19966,296.31,0.36,0.57,2024-04-22,2314,N20,VIIRS,n,2,276.84,0.63,N,0
47.78472,29.01797,298.12,0.55,0.68,2024-04-27,0119,N20,VIIRS,n,2,278.27,1.15,N,2
47.784,29.01482,297.95,0.55,0.68,2024-04-27,0119,N20,VIIRS,n,2,277.37,0.9,N,0
47.78574,29.03552,328.3,0.44,0.38,2024-04-27,1106,N20,VIIRS,n,2,296.28,2.94,D,0
47.78599,29.01871,297.19,0.44,0.46,2024-04-29,0042,N20,VIIRS,n,2,280.62,0.82,N,2
46.9866,29.1377,328.35,0.5,0.41,2024-04-29,1028,N20,VIIRS,n,2,297.39,1.73,D,0
47.65963,27.96832,333.86,0.54,0.42,2024-04-29,1028,N20,VIIRS,n,2,302.59,4.9,D,0
47.78502,29.01983,304.38,0.44,0.38,2024-04-30,0023,N20,VIIRS,n,2,283.05,0.94,N,2
47.78453,29.02001,301.55,0.39,0.36,2024-05-01,0004,N20,VIIRS,n,2,283.22,1.15,N,2
47.78733,29.01805,303.88,0.49,0.4,2024-05-01,2345,N20,VIIRS,n,2,282.69,1.33,N,2
47.93813,27.60929,332.32,0.72,0.76,2024-05-02,0932,N20,VIIRS,n,2,296.14,5.56,D,0
47.94063,27.61701,340.43,0.72,0.76,2024-05-02,0932,N20,VIIRS,n,2,294.62,5.75,D,0
47.94144,27.61809,327.65,0.72,0.76,2024-05-02,0932,N20,VIIRS,n,2,293.88,5.56,D,0
48.0817,27.85288,336.12,0.46,0.39,2024-05-02,1112,N20,VIIRS,l,2,309.34,2.36,D,0
47.99638,27.55551,336.36,0.39,0.36,2024-05-03,1053,N20,VIIRS,n,2,302.5,1.72,D,0
47.78571,29.01833,298.38,0.49,0.4,2024-05-05,0029,N20,VIIRS,n,2,280.14,1.21,N,2
48.04801,27.15475,295.44,0.39,0.36,2024-05-06,0010,N20,VIIRS,n,2,280.46,0.58,N,0
48.05053,27.16101,296.52,0.39,0.36,2024-05-06,0010,N20,VIIRS,n,2,282.36,0.81,N,0
47.78561,29.01696,303.55,0.39,0.36,2024-05-06,0010,N20,VIIRS,n,2,283.66,0.83,N,2
48.05204,27.15067,311.16,0.39,0.36,2024-05-06,0010,N20,VIIRS,n,2,282.17,0.93,N,0
47.36313,27.76508,343.11,0.41,0.6,2024-05-06,0957,N20,VIIRS,n,2,289.38,4.85,D,0
47.78777,29.01898,300.04,0.44,0.38,2024-05-06,2352,N20,VIIRS,n,2,282.72,1.28,N,2
47.78419,29.01431,295.24,0.62,0.71,2024-05-09,2255,N20,VIIRS,n,2,278.09,0.97,N,2
46.96398,28.94001,295.14,0.62,0.71,2024-05-09,2255,N20,VIIRS,n,2,276.88,0.72,N,0
46.9612,28.94374,295.14,0.62,0.71,2024-05-09,2255,N20,VIIRS,n,2,277.12,0.41,N,0
47.78809,29.01372,297.27,0.62,0.71,2024-05-09,2255,N20,VIIRS,n,2,278.16,1.39,N,0
47.78614,29.01596,299.37,0.56,0.43,2024-05-10,0035,N20,VIIRS,n,2,279.47,1.44,N,2
47.04688,28.10184,297.56,0.54,0.42,2024-05-10,0036,N20,VIIRS,n,2,277.16,0.58,N,0
47.78644,29.01569,295.32,0.4,0.37,2024-05-11,0017,N20,VIIRS,n,2,280.39,0.56,N,2
47.78767,29.01599,295.83,0.4,0.37,2024-05-11,2358,N20,VIIRS,n,2,279.25,1.21,N,2
46.11406,28.39791,301.15,0.4,0.37,2024-05-11,2358,N20,VIIRS,n,2,280.76,0.63,N,0
48.15696,27.64235,334.35,0.4,0.37,2024-05-14,1047,N20,VIIRS,n,2,302.91,2.28,D,0
48.25689,27.21792,335.73,0.4,0.37,2024-05-14,1047,N20,VIIRS,n,2,305.09,2.94,D,0
47.78672,29.01995,308.04,0.39,0.36,2024-05-17,0004,N20,VIIRS,n,2,280.36,1.2,N,2
47.78846,29.03122,314.67,0.39,0.36,2024-05-17,0004,N20,VIIRS,n,2,278.11,1.45,N,0
47.78704,29.01784,302.23,0.5,0.41,2024-05-17,2345,N20,VIIRS,n,2,279.71,1.75,N,2
47.78568,29.01804,296.96,0.44,0.62,2024-05-19,2307,N20,VIIRS,n,2,283.34,0.75,N,2
47.78804,29.01847,295.91,0.5,0.49,2024-05-20,0048,N20,VIIRS,n,2,282.98,0.59,N,2
47.70702,28.04339,332.83,0.47,0.4,2024-05-20,1034,N20,VIIRS,n,2,295.31,2.8,D,0
47.78506,29.01855,305.15,0.49,0.4,2024-05-21,0029,N20,VIIRS,n,2,285.81,1.49,N,2
47.80022,27.60557,336.89,0.44,0.63,2024-05-21,1156,N20,VIIRS,n,2,299.69,2.47,D,0
47.79969,27.60315,330.18,0.44,0.63,2024-05-21,1156,N20,VIIRS,n,2,300.66,2.47,D,0
45.79478,28.17481,321.82,0.39,0.36,2024-05-22,0010,N20,VIIRS,n,2,281.83,1.64,N,0
47.66496,27.47066,335.85,0.52,0.5,2024-05-22,1137,N20,VIIRS,n,2,304.55,5.06,D,0
47.78692,29.01972,301.19,0.44,0.38,2024-05-22,2351,N20,VIIRS,n,2,284.05,1.19,N,2
47.36893,28.83829,327.68,0.44,0.39,2024-05-22,2351,N20,VIIRS,n,2,284.6,2.88,N,0
47.36824,28.84404,309.14,0.44,0.39,2024-05-22,2351,N20,VIIRS,n,2,282.24,2.88,N,0
47.7853,29.01488,305.41,0.45,0.47,2024-05-23,2332,N20,VIIRS,n,2,285.77,1.17,N,2
47.78802,29.01891,303.37,0.47,0.64,2024-05-24,0112,N20,VIIRS,n,2,283.46,1.23,N,2
46.50808,29.64384,336.68,0.4,0.37,2024-05-24,1058,N20,VIIRS,l,2,311,6.04,D,0
47.78816,29.02028,300.02,0.37,0.58,2024-05-24,2313,N20,VIIRS,n,2,285.3,0.8,N,2
47.78836,29.01496,295.94,0.37,0.58,2024-05-24,2313,N20,VIIRS,n,2,284.09,0.68,N,2
47.78559,29.01462,295.48,0.59,0.53,2024-05-25,0054,N20,VIIRS,n,2,283.53,0.88,N,2
47.14855,28.31791,349.02,0.43,0.38,2024-05-25,1040,N20,VIIRS,n,2,309.96,7.79,D,0
47.94162,27.31546,342.53,0.44,0.39,2024-05-25,1040,N20,VIIRS,n,2,310.31,5.65,D,0
48.22682,28.11516,335.13,0.42,0.38,2024-05-25,1040,N20,VIIRS,n,2,309.47,2.83,D,0
47.78743,29.01586,300.4,0.62,0.72,2024-05-25,2254,N20,VIIRS,n,2,283.27,0.9,N,2
47.78488,29.01812,302.75,0.56,0.43,2024-05-26,0035,N20,VIIRS,n,2,285.1,1.72,N,2
47.06607,28.73182,337.01,0.4,0.44,2024-05-26,1021,N20,VIIRS,n,2,306.83,3,D,0
47.97082,28.55242,343.84,0.39,0.44,2024-05-26,1021,N20,VIIRS,n,2,305.02,3.83,D,0
48.28813,27.94117,299.5,0.39,0.36,2024-05-27,0016,N20,VIIRS,n,2,279.37,0.51,N,0
47.7876,29.01669,297.13,0.43,0.38,2024-06-01,0022,N20,VIIRS,n,2,287,0.34,N,2
47.74767,27.93115,321.63,0.4,0.37,2024-06-02,0003,N20,VIIRS,n,2,288.51,1.62,N,0
47.78539,29.01691,300.74,0.39,0.36,2024-06-02,0003,N20,VIIRS,n,2,289.05,0.56,N,2
48.05998,28.3257,339.22,0.46,0.39,2024-06-03,1111,N20,VIIRS,n,2,305.61,9.87,D,0
47.78444,29.0163,298.55,0.45,0.39,2024-06-07,2350,N20,VIIRS,n,2,288.2,0.58,N,2
46.1414,28.1653,306.25,0.46,0.39,2024-06-07,2351,N20,VIIRS,n,2,285.17,0.84,N,0
47.81203,29.05519,306.05,0.45,0.47,2024-06-08,2331,N20,VIIRS,n,2,287.07,1.29,N,0
47.78587,29.01521,296.53,0.38,0.59,2024-06-09,2312,N20,VIIRS,n,2,279.53,0.2,N,2
47.78974,28.95306,301.1,0.4,0.37,2024-06-12,0015,N20,VIIRS,n,2,283.68,0.91,N,2
47.79077,28.95547,301.07,0.54,0.68,2024-06-15,2300,N20,VIIRS,n,2,283.25,1.35,N,2
47.78461,29.01888,306.93,0.43,0.38,2024-06-17,0021,N20,VIIRS,n,2,288.38,1.27,N,2
47.7896,28.95475,313.98,0.43,0.38,2024-06-17,0021,N20,VIIRS,n,2,288.99,1.75,N,2
47.78712,29.01876,305.7,0.39,0.36,2024-06-18,0002,N20,VIIRS,n,2,289.46,1.05,N,2
47.78958,28.95522,315.08,0.39,0.36,2024-06-18,0002,N20,VIIRS,n,2,290.07,1.63,N,2
47.78759,29.01681,301.24,0.51,0.41,2024-06-18,2344,N20,VIIRS,n,2,289.15,0.9,N,2
47.79011,28.95479,310.44,0.51,0.41,2024-06-18,2344,N20,VIIRS,n,2,290.02,1.71,N,2
47.78943,28.95208,303.54,0.62,0.71,2024-06-19,0124,N20,VIIRS,n,2,286.35,1.28,N,2
47.78968,28.95338,311.44,0.55,0.51,2024-06-19,2325,N20,VIIRS,n,2,291.96,1.27,N,2
47.78544,29.01944,312.23,0.54,0.51,2024-06-19,2325,N20,VIIRS,n,2,292.99,1.65,N,2
47.78573,29.01864,311.14,0.39,0.6,2024-06-20,0105,N20,VIIRS,n,2,292.66,1.44,N,2
47.79305,28.95413,303.4,0.39,0.59,2024-06-20,0105,N20,VIIRS,n,2,290.5,1.02,N,2
46.35282,28.515,333.49,0.39,0.36,2024-06-20,1051,N20,VIIRS,n,2,301.78,2.54,D,0
47.7852,29.01266,299.92,0.45,0.63,2024-06-20,2306,N20,VIIRS,n,2,284.99,0.97,N,2
46.80047,29.01916,299.98,0.45,0.63,2024-06-20,2306,N20,VIIRS,n,2,283.27,1.24,N,0
47.79219,28.9577,299.09,0.46,0.63,2024-06-20,2306,N20,VIIRS,n,2,285.72,1.45,N,0
47.78507,29.01932,298.84,0.45,0.63,2024-06-20,2306,N20,VIIRS,n,2,286.6,0.97,N,2
46.79974,29.02034,295.74,0.45,0.63,2024-06-20,2306,N20,VIIRS,n,2,282.75,0.52,N,0
46.80558,29.02063,304.93,0.45,0.63,2024-06-20,2306,N20,VIIRS,n,2,282.75,0.6,N,0
47.78912,28.95389,301.78,0.49,0.48,2024-06-21,0046,N20,VIIRS,n,2,279.63,1.25,N,2
46.80083,29.01968,304.11,0.52,0.5,2024-06-21,0046,N20,VIIRS,n,2,283.84,1.47,N,0
46.80129,29.01994,309.75,0.52,0.5,2024-06-21,0046,N20,VIIRS,n,2,284.12,1.09,N,0
48.04235,28.68351,334.67,0.45,0.39,2024-06-21,1032,N20,VIIRS,n,2,305.14,2.57,D,0
47.7912,28.94973,295.19,0.76,0.77,2024-06-21,2246,N20,VIIRS,n,2,284.76,1.18,N,2
47.79029,29.01476,299.99,0.76,0.77,2024-06-21,2246,N20,VIIRS,n,2,285.36,0.96,N,2
47.78906,28.95249,299.99,0.76,0.77,2024-06-21,2246,N20,VIIRS,n,2,285.11,1.14,N,2
47.78551,29.0118,300.27,0.76,0.77,2024-06-21,2246,N20,VIIRS,n,2,285.66,1.74,N,2
48.35534,27.20045,302.49,0.42,0.38,2024-06-22,0027,N20,VIIRS,n,2,288.18,0.65,N,0
47.78717,29.01611,308.59,0.48,0.4,2024-06-22,0027,N20,VIIRS,n,2,288.36,0.97,N,2
47.78795,28.95605,308.51,0.48,0.4,2024-06-22,0027,N20,VIIRS,n,2,288.55,1.32,N,2
47.78483,29.01714,311.27,0.38,0.36,2024-06-23,0009,N20,VIIRS,n,2,291.39,1.59,N,2
47.78807,28.95432,305.44,0.38,0.36,2024-06-23,0009,N20,VIIRS,n,2,289.6,0.96,N,2
47.79132,28.95547,304.65,0.38,0.36,2024-06-23,0009,N20,VIIRS,n,2,290.14,0.96,N,2
46.05926,28.68961,346.18,0.42,0.61,2024-06-23,0954,N20,VIIRS,n,2,300.51,4.64,D,0
46.06449,28.68646,367,0.42,0.61,2024-06-23,0954,N20,VIIRS,h,2,302.15,12.16,D,0
47.79054,28.9549,307.83,0.46,0.47,2024-06-24,2331,N20,VIIRS,n,2,287.88,1.67,N,2
47.78584,29.01711,306.03,0.46,0.47,2024-06-24,2331,N20,VIIRS,n,2,287.84,1.4,N,2
47.78931,28.95198,304.6,0.45,0.63,2024-06-25,0111,N20,VIIRS,n,2,285.13,1.56,N,2
47.78748,29.0186,305.8,0.46,0.63,2024-06-25,0111,N20,VIIRS,n,2,285.88,1.1,N,2
47.78551,29.01574,309.18,0.38,0.59,2024-06-25,2312,N20,VIIRS,n,2,287.44,1.12,N,2
47.79311,28.95339,303.92,0.39,0.59,2024-06-25,2312,N20,VIIRS,n,2,286.43,1.58,N,2
47.78956,28.95692,307.41,0.57,0.52,2024-06-26,0052,N20,VIIRS,n,2,287.5,1.35,N,0
47.78337,29.01905,300.5,0.57,0.52,2024-06-26,0052,N20,VIIRS,n,2,286.92,1.4,N,0
48.27939,27.50231,342.08,0.44,0.38,2024-06-26,1039,N20,VIIRS,n,2,307.89,3.98,D,0
47.79164,28.95187,300.09,0.65,0.73,2024-06-26,2253,N20,VIIRS,n,2,284.07,1.59,N,2
47.7853,29.0133,297.11,0.64,0.72,2024-06-26,2253,N20,VIIRS,n,2,280.89,0.88,N,2
47.78955,28.95331,295.81,0.54,0.42,2024-06-27,0033,N20,VIIRS,n,2,272.28,1.01,N,2
47.77836,27.55934,320.33,0.48,0.4,2024-06-27,0033,N20,VIIRS,n,2,289.31,2.6,N,0
47.14253,29.42545,336.79,0.39,0.44,2024-06-27,1019,N20,VIIRS,n,2,299.56,2.98,D,0
48.15268,27.25052,345.86,0.45,0.47,2024-06-27,1020,N20,VIIRS,n,2,304.51,4.97,D,0
47.15552,28.62661,336.39,0.42,0.45,2024-06-27,1020,N20,VIIRS,n,2,302.7,2.79,D,0
47.77723,27.55895,339.15,0.44,0.46,2024-06-27,1020,N20,VIIRS,n,2,301.27,4.36,D,0
47.78905,28.95597,313.64,0.4,0.37,2024-06-28,0015,N20,VIIRS,n,2,290.72,1.44,N,2
47.78558,29.01552,310.13,0.4,0.37,2024-06-28,0015,N20,VIIRS,n,2,289.75,0.89,N,2
48.251,27.47535,298.92,0.38,0.36,2024-06-28,0015,N20,VIIRS,n,2,288.01,0.36,N,0
48.18593,28.30779,299.78,0.43,0.38,2024-06-28,2356,N20,VIIRS,n,2,287.47,0.31,N,0
47.79068,28.95625,312.15,0.41,0.37,2024-06-28,2356,N20,VIIRS,n,2,290.55,1.52,N,2
47.7861,29.01707,313.79,0.41,0.37,2024-06-28,2356,N20,VIIRS,n,2,291.08,2.16,N,2
46.19942,28.31069,336.76,0.57,0.43,2024-06-29,1122,N20,VIIRS,l,2,307.78,6.32,D,0
46.20066,28.30989,336.8,0.57,0.43,2024-06-29,1122,N20,VIIRS,l,2,308.09,6.78,D,0
47.78692,29.01649,308.84,0.39,0.44,2024-06-29,2337,N20,VIIRS,n,2,291.76,0.8,N,2
47.78852,28.95236,303.86,0.4,0.44,2024-06-29,2337,N20,VIIRS,n,2,288.96,0.96,N,2
47.78799,28.95211,303.63,0.53,0.67,2024-06-30,0117,N20,VIIRS,n,2,286.08,1.35,N,2
47.78817,28.95176,305.06,0.53,0.67,2024-06-30,0117,N20,VIIRS,n,2,286.35,1.1,N,2
46.21993,28.80192,343.86,0.41,0.37,2024-06-30,1103,N20,VIIRS,n,2,311.29,8.35,D,0
47.0685,28.65543,331.5,0.42,0.37,2024-06-30,1103,N20,VIIRS,n,2,304.44,2.27,D,0
47.7872,28.95445,331.37,0.43,0.38,2024-06-30,1104,N20,VIIRS,l,2,305.95,2.17,D,0
47.7862,29.01852,305.52,0.32,0.55,2024-06-30,2318,N20,VIIRS,n,2,291.87,1.28,N,2
47.78921,28.95697,305.86,0.32,0.55,2024-06-30,2318,N20,VIIRS,n,2,291.38,0.89,N,0
47.78942,28.95275,305.48,0.33,0.55,2024-06-30,2318,N20,VIIRS,n,2,290.03,0.89,N,2
47.79169,28.955,313.79,0.33,0.56,2024-07-01,0058,N20,VIIRS,n,2,289.15,1.21,N,2
47.78975,28.9565,307.62,0.33,0.56,2024-07-01,0058,N20,VIIRS,n,2,290.12,1.19,N,2
47.78384,29.01614,307.39,0.34,0.56,2024-07-01,0058,N20,VIIRS,n,2,290.22,0.84,N,0
47.79097,28.95227,301.92,0.33,0.55,2024-07-01,0058,N20,VIIRS,n,2,288.4,1.01,N,2
46.10416,28.45637,340.88,0.41,0.37,2024-07-01,1044,N20,VIIRS,l,2,311.74,4.73,D,0
46.10837,28.46024,347.8,0.41,0.37,2024-07-01,1044,N20,VIIRS,n,2,311.25,3.72,D,0
46.10505,28.46144,340.91,0.41,0.37,2024-07-01,1044,N20,VIIRS,l,2,311.98,3.72,D,0
46.81963,29.49741,344.26,0.39,0.36,2024-07-01,1044,N20,VIIRS,n,2,312.66,10.71,D,0
47.91684,28.66444,333.95,0.39,0.36,2024-07-01,1045,N20,VIIRS,n,2,299.72,1.73,D,0
48.09397,27.39247,340.45,0.41,0.37,2024-07-01,1045,N20,VIIRS,l,2,312.55,8.42,D,0
48.43387,27.63951,340.78,0.4,0.37,2024-07-01,1045,N20,VIIRS,n,2,308.94,4.74,D,0
47.78438,29.01827,302.26,0.42,0.45,2024-07-02,0040,N20,VIIRS,n,2,287,1.31,N,2
47.01083,28.95293,331.88,0.7,0.75,2024-07-02,1207,N20,VIIRS,n,2,287.73,8.78,D,0
46.59075,29.39196,300.84,0.38,0.36,2024-07-04,0002,N20,VIIRS,n,2,287.92,0.55,N,0
47.78803,28.95527,304.59,0.39,0.36,2024-07-04,0002,N20,VIIRS,n,2,282.66,0.59,N,2
47.78559,29.01886,302.03,0.39,0.36,2024-07-04,0002,N20,VIIRS,n,2,281.75,1.44,N,2
47.78521,29.01772,300.19,0.51,0.41,2024-07-04,2343,N20,VIIRS,n,2,287.15,0.94,N,2
47.79005,28.95079,297.91,0.62,0.71,2024-07-05,0123,N20,VIIRS,n,2,284.15,1,N,2
47.79186,28.95224,301.81,0.55,0.51,2024-07-05,2324,N20,VIIRS,n,2,285.99,1.09,N,2
47.79032,28.95511,303.93,0.55,0.51,2024-07-05,2324,N20,VIIRS,n,2,287.06,1.52,N,2
46.30038,28.69984,299.01,0.54,0.51,2024-07-05,2325,N20,VIIRS,n,2,285.22,1.32,N,0
46.30507,28.70057,315.02,0.54,0.51,2024-07-05,2325,N20,VIIRS,n,2,286.26,1.32,N,0
46.30152,28.70281,298.81,0.42,0.61,2024-07-06,0105,N20,VIIRS,n,2,284.51,0.37,N,0
46.54993,29.77866,334.85,0.39,0.36,2024-07-06,1051,N20,VIIRS,n,2,305.62,1.41,D,0
47.78985,28.95534,308.77,0.46,0.63,2024-07-06,2305,N20,VIIRS,n,2,289.47,1.51,N,2
47.78855,29.0175,299.87,0.45,0.63,2024-07-06,2305,N20,VIIRS,n,2,285.46,0.77,N,2
46.47287,29.23129,302.25,0.44,0.62,2024-07-06,2306,N20,VIIRS,n,2,286.85,0.7,N,0
46.47325,29.231,302.18,0.44,0.62,2024-07-06,2306,N20,VIIRS,n,2,286.28,0.73,N,0
47.79034,28.95447,308.63,0.49,0.48,2024-07-07,0046,N20,VIIRS,n,2,288.48,1.88,N,2
47.78481,29.01464,299.29,0.49,0.49,2024-07-07,0046,N20,VIIRS,n,2,287.27,0.84,N,2
46.3896,28.62703,344.03,0.49,0.4,2024-07-07,1032,N20,VIIRS,l,2,316.43,8.07,D,0
46.39194,28.61944,336.15,0.49,0.4,2024-07-07,1032,N20,VIIRS,l,2,310.48,1.86,D,0
46.98598,29.35347,338.38,0.45,0.39,2024-07-07,1032,N20,VIIRS,n,2,310.02,10.28,D,0
46.93081,28.22656,331.47,0.49,0.4,2024-07-07,1032,N20,VIIRS,n,2,305.99,2.51,D,0
47.28337,27.911,338.2,0.5,0.41,2024-07-07,1032,N20,VIIRS,n,2,306.76,5.22,D,0
47.78851,28.95685,311.77,0.48,0.4,2024-07-08,0027,N20,VIIRS,n,2,291.41,1.15,N,0
47.78775,29.01694,306.78,0.48,0.4,2024-07-08,0027,N20,VIIRS,n,2,290.39,0.65,N,2
46.55186,29.18506,351.35,0.47,0.48,2024-07-08,1013,N20,VIIRS,n,2,310.69,8.27,D,0
46.54775,29.18747,342.86,0.47,0.48,2024-07-08,1013,N20,VIIRS,n,2,307.16,6.43,D,0
48.32244,26.97815,334.45,0.53,0.5,2024-07-08,1014,N20,VIIRS,n,2,299.22,4.51,D,0
48.32072,26.97151,333.41,0.53,0.5,2024-07-08,1014,N20,VIIRS,n,2,304.52,4.51,D,0
48.32506,26.96901,332.6,0.53,0.5,2024-07-08,1014,N20,VIIRS,n,2,298.74,4.51,D,0
48.32117,26.96533,342.82,0.41,0.6,2024-07-08,1154,N20,VIIRS,n,2,302.12,9.41,D,0
48.3213,26.97084,356.07,0.41,0.6,2024-07-08,1154,N20,VIIRS,n,2,303.61,9.41,D,0
48.32357,26.97649,332.64,0.41,0.6,2024-07-08,1154,N20,VIIRS,n,2,296.69,8,D,0
48.3234,26.97086,347.06,0.4,0.6,2024-07-08,1154,N20,VIIRS,n,2,299.77,8.97,D,0
48.32145,26.97649,367,0.41,0.6,2024-07-08,1154,N20,VIIRS,h,2,298.93,14.24,D,0
48.32324,26.96532,334.67,0.4,0.6,2024-07-08,1154,N20,VIIRS,n,2,299.76,8.97,D,0
48.31797,26.97688,367,0.41,0.6,2024-07-08,1154,N20,VIIRS,h,2,301.36,8,D,0
47.78415,29.01809,302.73,0.38,0.36,2024-07-09,0008,N20,VIIRS,n,2,292.03,1.06,N,0
47.79067,28.95645,313.59,0.38,0.36,2024-07-09,0008,N20,VIIRS,n,2,291.99,1.54,N,2
46.50078,29.73673,300.66,0.39,0.37,2024-07-09,0009,N20,VIIRS,n,2,290.66,0.32,N,0
46.37852,28.57835,303.08,0.39,0.36,2024-07-09,0009,N20,VIIRS,n,2,291.71,0.34,N,0
46.37527,28.57725,329.77,0.39,0.36,2024-07-09,0009,N20,VIIRS,n,2,293.32,3.09,N,0
47.9094,28.66168,341.7,0.58,0.52,2024-07-09,1135,N20,VIIRS,n,2,307.95,4.73,D,0
46.56575,29.00687,344.85,0.58,0.52,2024-07-09,1135,N20,VIIRS,n,2,306.33,8.89,D,0
46.33028,28.84538,342.13,0.57,0.52,2024-07-09,1135,N20,VIIRS,n,2,308.63,8.76,D,0
47.79075,28.95435,311.15,0.45,0.39,2024-07-09,2350,N20,VIIRS,n,2,293.52,1.5,N,2
46.25026,28.60852,312.71,0.45,0.39,2024-07-09,2350,N20,VIIRS,n,2,294.18,1.03,N,0
46.36608,28.36093,308.25,0.46,0.39,2024-07-09,2350,N20,VIIRS,n,2,291.06,0.93,N,0
46.42957,28.58324,310.72,0.45,0.39,2024-07-09,2350,N20,VIIRS,n,2,293.24,0.96,N,0
46.43026,28.57748,308.32,0.45,0.39,2024-07-09,2350,N20,VIIRS,n,2,292.78,0.96,N,0
47.30773,28.43261,335.85,0.52,0.41,2024-07-10,1116,N20,VIIRS,n,2,302.64,2.86,D,0
47.77248,28.16685,336.35,0.51,0.41,2024-07-10,1116,N20,VIIRS,l,2,308.91,6.2,D,0
47.78711,29.0183,301.18,0.46,0.47,2024-07-10,2331,N20,VIIRS,n,2,289.84,0.92,N,2
47.29621,28.88355,302.2,0.46,0.47,2024-07-10,2331,N20,VIIRS,n,2,289.46,0.31,N,0
47.29698,28.88375,301.67,0.46,0.47,2024-07-10,2331,N20,VIIRS,n,2,289.22,0.46,N,0
47.79189,28.95653,306.82,0.46,0.47,2024-07-10,2331,N20,VIIRS,n,2,288.82,0.91,N,2
46.83157,29.31248,303.39,0.51,0.66,2024-07-11,0111,N20,VIIRS,n,2,286.78,0.84,N,0
47.79015,28.95518,307.34,0.46,0.63,2024-07-11,0111,N20,VIIRS,n,2,288.4,1.09,N,2
47.79008,29.01655,299.1,0.46,0.64,2024-07-11,0111,N20,VIIRS,n,2,287.62,0.66,N,2
46.79697,29.48269,342.61,0.4,0.37,2024-07-11,1057,N20,VIIRS,n,2,313.52,10.1,D,0
46.27845,28.43332,354.73,0.39,0.36,2024-07-11,1057,N20,VIIRS,n,2,321.54,18.28,D,0
46.27517,28.43431,344.97,0.39,0.36,2024-07-11,1057,N20,VIIRS,l,2,315.89,18.28,D,0
47.79205,28.95493,315.1,0.38,0.59,2024-07-11,2312,N20,VIIRS,n,2,291.41,1.2,N,2
46.44326,28.57229,310.62,0.39,0.6,2024-07-11,2312,N20,VIIRS,n,2,292.8,1.02,N,0
47.78982,28.95469,307.19,0.57,0.52,2024-07-12,0052,N20,VIIRS,n,2,290.96,1.68,N,2
47.79087,28.95541,306.72,0.57,0.52,2024-07-12,0052,N20,VIIRS,n,2,290.99,1.36,N,2
46.443,28.57399,301.33,0.6,0.53,2024-07-12,0053,N20,VIIRS,n,2,290.98,1.11,N,0
46.5074,29.90094,342.69,0.4,0.37,2024-07-12,1038,N20,VIIRS,n,2,308.39,3.7,D,0
47.78823,28.95466,306.04,0.64,0.72,2024-07-12,2253,N20,VIIRS,n,2,289.43,1.12,N,2
47.78862,29.01596,300.63,0.64,0.72,2024-07-12,2253,N20,VIIRS,n,2,289.55,1.15,N,2
46.08555,28.42908,299.55,0.67,0.74,2024-07-12,2253,N20,VIIRS,n,2,285.86,1,N,0
46.08506,28.43034,298.72,0.67,0.74,2024-07-12,2253,N20,VIIRS,n,2,285.38,0.94,N,0
47.78914,28.95358,311.16,0.54,0.42,2024-07-13,0034,N20,VIIRS,n,2,292.68,1.87,N,2
47.15484,28.62391,339.25,0.41,0.45,2024-07-13,1020,N20,VIIRS,n,2,303.42,4.91,D,0
48.39897,27.68056,333.11,0.42,0.45,2024-07-13,1020,N20,VIIRS,l,2,305.98,3.05,D,0
46.84232,29.24703,349.01,0.61,0.71,2024-07-13,1200,N20,VIIRS,n,2,299.78,10.16,D,0
46.83573,29.24654,346.33,0.61,0.71,2024-07-13,1200,N20,VIIRS,n,2,301.88,10.16,D,0
48.05088,27.78161,325.85,0.39,0.36,2024-07-14,0015,N20,VIIRS,n,2,294.58,2,N,0
46.30372,28.70289,310.39,0.4,0.37,2024-07-14,0015,N20,VIIRS,n,2,291.91,1.21,N,0
46.44746,28.85838,310.87,0.41,0.37,2024-07-14,0015,N20,VIIRS,n,2,291.31,1.27,N,0
47.78667,29.02951,310.69,0.4,0.37,2024-07-14,0015,N20,VIIRS,n,2,293.2,1.84,N,0
47.78963,28.95298,315.32,0.4,0.37,2024-07-14,0015,N20,VIIRS,n,2,293.52,1.79,N,2
47.15598,28.84404,328.45,0.4,0.37,2024-07-14,0015,N20,VIIRS,n,2,292.56,2.38,N,0
47.15507,28.84918,307.78,0.4,0.37,2024-07-14,0015,N20,VIIRS,n,2,292.79,2.38,N,0
47.78996,29.03079,326.47,0.4,0.37,2024-07-14,0015,N20,VIIRS,n,2,291.38,1.65,N,0
45.59913,28.24368,345.09,0.38,0.59,2024-07-14,1001,N20,VIIRS,n,2,308.01,4.36,D,0
46.41857,29.21064,367,0.33,0.55,2024-07-14,1001,N20,VIIRS,h,2,301.56,9.09,D,0
47.36463,28.91098,336.07,0.64,0.54,2024-07-14,1001,N20,VIIRS,n,2,308.37,2.94,D,0
45.5956,28.2446,343.89,0.63,0.54,2024-07-14,1141,N20,VIIRS,n,2,312.75,4.49,D,0
48.31066,27.53897,342.74,0.61,0.54,2024-07-14,1142,N20,VIIRS,n,2,305.54,7.25,D,0
48.3057,27.53964,337.35,0.61,0.54,2024-07-14,1142,N20,VIIRS,l,2,307.41,7.25,D,0
48.31025,27.53059,333.11,0.61,0.54,2024-07-14,1142,N20,VIIRS,l,2,307.87,6.39,D,0
48.30529,27.53122,340.5,0.61,0.54,2024-07-14,1142,N20,VIIRS,n,2,307.88,6.39,D,0
47.78484,29.01947,311.76,0.41,0.37,2024-07-14,2356,N20,VIIRS,n,2,295.65,1.57,N,2
47.79007,28.95343,314.71,0.41,0.37,2024-07-14,2356,N20,VIIRS,n,2,293.9,1.07,N,2
46.77356,29.69617,307.38,0.39,0.36,2024-07-14,2356,N20,VIIRS,n,2,291.66,0.66,N,0
46.25582,28.70058,328.33,0.4,0.37,2024-07-14,2356,N20,VIIRS,n,2,292.74,4.73,N,0
46.25317,28.69442,321.88,0.4,0.37,2024-07-14,2356,N20,VIIRS,n,2,292.52,2.27,N,0
47.78893,29.01501,303.38,0.41,0.37,2024-07-14,2356,N20,VIIRS,n,2,293.26,0.68,N,2
45.90828,28.23771,367,0.61,0.71,2024-07-15,0942,N20,VIIRS,h,2,298.74,18.88,D,0
46.82137,29.53697,334.83,0.5,0.66,2024-07-15,0942,N20,VIIRS,n,2,298.31,4.29,D,0
45.9058,28.23042,354.27,0.61,0.71,2024-07-15,0942,N20,VIIRS,n,2,300.87,19.14,D,0
46.82138,29.53196,342.15,0.44,0.46,2024-07-15,1122,N20,VIIRS,n,2,307.91,4.78,D,0
45.90491,28.22828,345.09,0.57,0.43,2024-07-15,1122,N20,VIIRS,n,2,310.85,18.3,D,0
45.90891,28.2277,338.66,0.57,0.43,2024-07-15,1122,N20,VIIRS,n,2,307.71,18.3,D,0
45.90688,28.22821,341.29,0.57,0.43,2024-07-15,1122,N20,VIIRS,n,2,310.61,30.99,D,0
45.91087,28.22764,333.99,0.57,0.43,2024-07-15,1122,N20,VIIRS,l,2,307.76,30.99,D,0
46.06611,28.35996,353.78,0.39,0.44,2024-07-15,1122,N20,VIIRS,n,2,316.81,63.57,D,0
46.39542,29.86992,333.22,0.45,0.47,2024-07-15,1122,N20,VIIRS,l,2,306.24,3.6,D,0
47.04594,29.13959,348.45,0.43,0.46,2024-07-15,1122,N20,VIIRS,n,2,299.72,6.89,D,0
47.78853,29.01641,306.09,0.39,0.44,2024-07-15,2337,N20,VIIRS,n,2,294.38,0.48,N,2
47.79033,28.95275,305.2,0.39,0.44,2024-07-15,2337,N20,VIIRS,n,2,293.31,1.16,N,2
47.78985,28.95796,305.12,0.39,0.44,2024-07-15,2337,N20,VIIRS,n,2,294.73,1,N,0
47.28554,29.45824,352.52,0.55,0.43,2024-07-15,2337,N20,VIIRS,n,2,296.35,18.18,N,0
47.28804,29.47361,303.35,0.55,0.43,2024-07-15,2337,N20,VIIRS,n,2,292.28,1.32,N,0
47.28875,29.46632,334.34,0.55,0.43,2024-07-15,2337,N20,VIIRS,n,2,295.78,18.18,N,0
47.28946,29.45904,355.53,0.55,0.43,2024-07-15,2337,N20,VIIRS,n,2,295.82,18.18,N,0
47.78451,29.01554,305.16,0.39,0.44,2024-07-15,2337,N20,VIIRS,n,2,294.09,0.72,N,2
47.28413,29.47273,312.64,0.55,0.43,2024-07-15,2337,N20,VIIRS,n,2,292.7,1.32,N,0
47.28484,29.4655,331.6,0.55,0.43,2024-07-15,2337,N20,VIIRS,n,2,295.04,18.18,N,0
47.78933,28.95092,305.13,0.53,0.67,2024-07-16,0117,N20,VIIRS,n,2,291.82,0.99,N,2
47.78848,29.01515,301.71,0.54,0.68,2024-07-16,0117,N20,VIIRS,n,2,291.52,1.29,N,2
48.33887,26.85073,336.14,0.39,0.36,2024-07-16,1104,N20,VIIRS,n,2,308.05,4.47,D,0
48.28829,26.82449,330.53,0.39,0.36,2024-07-16,1104,N20,VIIRS,n,2,303.45,0.93,D,0
48.16572,27.33242,336.87,0.4,0.37,2024-07-16,1104,N20,VIIRS,l,2,309.92,3.64,D,0
47.94938,29.05359,303.86,0.32,0.55,2024-07-16,2318,N20,VIIRS,n,2,291.96,1.31,N,0
47.96238,29.07286,308.2,0.32,0.55,2024-07-16,2318,N20,VIIRS,n,2,291.51,0.73,N,0
47.95292,29.05823,322.8,0.32,0.55,2024-07-16,2318,N20,VIIRS,n,2,292.17,2.04,N,0
47.78481,29.01735,311.12,0.32,0.55,2024-07-16,2318,N20,VIIRS,n,2,293.59,1.25,N,2
47.94915,29.058,325.75,0.32,0.55,2024-07-16,2318,N20,VIIRS,n,2,292.39,1.31,N,0
47.95871,29.07314,310.86,0.34,0.56,2024-07-17,0058,N20,VIIRS,n,2,291.1,1.04,N,0
47.9515,29.05917,312.63,0.34,0.56,2024-07-17,0058,N20,VIIRS,n,2,291.63,1.11,N,0
47.7859,29.0182,309.94,0.34,0.56,2024-07-17,0058,N20,VIIRS,n,2,292.77,1.25,N,2
47.78724,29.0201,305.58,0.34,0.56,2024-07-17,0059,N20,VIIRS,n,2,291.88,1.31,N,2
47.78944,28.95272,312.22,0.34,0.56,2024-07-17,0059,N20,VIIRS,n,2,291.87,1.18,N,2
47.54538,29.12225,338.75,0.39,0.36,2024-07-17,1045,N20,VIIRS,l,2,313.61,4.02,D,0
47.78851,29.03371,338.1,0.39,0.36,2024-07-17,1045,N20,VIIRS,l,2,309.23,4.77,D,0
47.787,29.01653,301.53,0.54,0.68,2024-07-17,2259,N20,VIIRS,n,2,288.06,0.37,N,2
47.79046,28.95549,302.87,0.54,0.68,2024-07-17,2259,N20,VIIRS,n,2,288.27,1.16,N,2
46.42796,28.70301,301.49,0.55,0.68,2024-07-17,2300,N20,VIIRS,n,2,287.79,0.76,N,0
46.42232,28.5819,319.39,0.44,0.46,2024-07-18,0040,N20,VIIRS,n,2,291.16,1.81,N,0
46.42836,28.70799,303.94,0.44,0.46,2024-07-18,0040,N20,VIIRS,n,2,291.19,0.87,N,0
46.5078,28.28278,338.92,0.57,0.43,2024-07-18,1026,N20,VIIRS,n,2,300.75,9.12,D,0
47.78442,29.01984,308.15,0.43,0.38,2024-07-19,0021,N20,VIIRS,n,2,291.81,1.19,N,2
47.78938,28.95572,314.69,0.43,0.38,2024-07-19,0021,N20,VIIRS,n,2,292.88,1.68,N,2
47.60073,28.07982,340.07,0.58,0.52,2024-07-19,1007,N20,VIIRS,n,2,301.07,6.31,D,0
48.43075,27.58046,334.74,0.37,0.58,2024-07-19,1148,N20,VIIRS,n,2,298.75,2.59,D,0
48.39973,27.61748,335.05,0.37,0.58,2024-07-19,1148,N20,VIIRS,n,2,296.68,1.82,D,0
48.45778,27.58405,334.54,0.37,0.58,2024-07-19,1148,N20,VIIRS,n,2,298.31,2.49,D,0
47.79024,28.95503,312.01,0.39,0.36,2024-07-20,0002,N20,VIIRS,n,2,286.04,1.66,N,2
48.39682,27.61447,303.15,0.41,0.37,2024-07-20,0002,N20,VIIRS,n,2,288.83,0.8,N,0
47.78447,29.01739,306.74,0.39,0.36,2024-07-20,0002,N20,VIIRS,n,2,289.27,1.09,N,2
45.69112,28.20711,317.13,0.39,0.36,2024-07-20,0003,N20,VIIRS,n,2,291.57,1.01,N,0
46.39784,30.03086,337.32,0.55,0.51,2024-07-20,1129,N20,VIIRS,n,2,306.63,3.17,D,0
46.31023,28.93334,345.64,0.49,0.48,2024-07-20,1129,N20,VIIRS,n,2,305.9,3.71,D,0
46.31469,28.93258,347.84,0.49,0.48,2024-07-20,1129,N20,VIIRS,n,2,315.93,22.28,D,0
48.02155,28.7922,333.16,0.5,0.49,2024-07-20,1129,N20,VIIRS,n,2,299.23,5.65,D,0
46.86551,28.41179,330.16,0.47,0.47,2024-07-20,1129,N20,VIIRS,l,2,304.86,2.23,D,0
46.31916,28.932,339.21,0.49,0.48,2024-07-20,1129,N20,VIIRS,n,2,305.94,22.28,D,0
47.27494,28.96818,299.27,0.5,0.41,2024-07-20,2344,N20,VIIRS,n,2,282.18,0.61,N,0
47.27538,28.96815,299.09,0.5,0.41,2024-07-20,2344,N20,VIIRS,n,2,282.63,0.62,N,0
47.7314,28.5614,306.49,0.6,0.71,2024-07-21,0123,N20,VIIRS,n,2,284.48,2.27,N,0
47.73689,28.56677,367,0.6,0.71,2024-07-21,0123,N20,VIIRS,h,2,286.98,10.92,N,0
47.73961,28.55904,298.53,0.6,0.71,2024-07-21,0123,N20,VIIRS,n,2,284.28,10.92,N,0
47.7342,28.57441,316.23,0.6,0.71,2024-07-21,0123,N20,VIIRS,n,2,284.28,12.15,N,0
45.94549,28.25554,342.65,0.39,0.36,2024-07-22,1051,N20,VIIRS,n,2,305.09,9.1,D,0
47.78412,29.01573,298.22,0.45,0.63,2024-07-22,2306,N20,VIIRS,n,2,287.62,0.53,N,0
47.79132,28.95454,309.62,0.45,0.63,2024-07-22,2306,N20,VIIRS,n,2,288.9,1.43,N,2
47.79052,28.95835,300.32,0.49,0.49,2024-07-23,0046,N20,VIIRS,n,2,288.3,1.06,N,0
47.74022,28.54248,303.52,0.47,0.39,2024-07-24,0027,N20,VIIRS,n,2,288.2,0.9,N,0
47.78602,29.01778,299.75,0.48,0.4,2024-07-24,0027,N20,VIIRS,n,2,289.19,0.79,N,2
47.78654,29.01754,299.73,0.48,0.4,2024-07-24,0027,N20,VIIRS,n,2,288.8,0.64,N,2
48.13246,27.67362,339.33,0.5,0.49,2024-07-24,1014,N20,VIIRS,n,2,293.99,13.45,D,0
46.93767,29.17446,330.23,0.4,0.37,2024-07-27,1057,N20,VIIRS,l,2,303.06,1.97,D,0
47.20003,28.75688,334.1,0.39,0.36,2024-07-27,1057,N20,VIIRS,n,2,299.3,2.53,D,0
47.78469,29.0183,299.97,0.38,0.59,2024-07-27,2312,N20,VIIRS,n,2,288.92,0.96,N,2
47.78591,29.01625,306.94,0.38,0.59,2024-07-27,2312,N20,VIIRS,n,2,289.85,1.32,N,2
47.78557,29.0182,302.3,0.58,0.52,2024-07-28,0052,N20,VIIRS,n,2,289.54,1.35,N,2
47.17497,28.42205,335.53,0.43,0.38,2024-07-28,1038,N20,VIIRS,n,2,305.97,2.66,D,0
46.59969,29.66803,339.11,0.41,0.37,2024-07-28,1038,N20,VIIRS,n,2,306.98,4.74,D,0
46.05937,28.87271,335.37,0.43,0.38,2024-07-28,1038,N20,VIIRS,l,2,308.17,13.4,D,0
46.06172,28.86584,350.48,0.43,0.38,2024-07-28,1038,N20,VIIRS,n,2,309.74,13.4,D,0
47.65378,29.07466,343,0.41,0.37,2024-07-28,1039,N20,VIIRS,n,2,308.49,3.37,D,0
47.78626,29.01794,303.13,0.55,0.43,2024-07-29,0034,N20,VIIRS,n,2,290.25,1.16,N,2
46.43009,29.22103,296.35,0.41,0.37,2024-07-30,0015,N20,VIIRS,n,2,285.25,0.4,N,0
47.93731,28.91809,297.8,0.4,0.37,2024-07-30,0015,N20,VIIRS,n,2,286.54,0.19,N,0
47.78877,28.07493,296.94,0.39,0.36,2024-07-30,0015,N20,VIIRS,n,2,285.4,0.29,N,0
47.78444,29.01809,298.82,0.4,0.37,2024-07-30,0015,N20,VIIRS,n,2,288.57,0.54,N,2
47.78918,29.03103,300.84,0.4,0.37,2024-07-30,0015,N20,VIIRS,n,2,287.07,0.33,N,0
47.38917,28.77134,313.34,0.4,0.37,2024-07-30,0015,N20,VIIRS,n,2,286.04,1.46,N,0
46.39065,30.02587,335.68,0.6,0.53,2024-07-30,1001,N20,VIIRS,n,2,299.57,133.48,D,0
46.68548,29.10407,345.65,0.33,0.55,2024-07-30,1001,N20,VIIRS,n,2,296.81,4.29,D,0
46.10934,28.29037,367,0.37,0.58,2024-07-30,1001,N20,VIIRS,h,2,301.71,6.87,D,0
46.10444,28.29351,352.88,0.37,0.58,2024-07-30,1001,N20,VIIRS,n,2,299.51,6.87,D,0
46.38604,30.02833,341.16,0.6,0.53,2024-07-30,1001,N20,VIIRS,n,2,297.28,43.49,D,0
46.38615,30.0219,335.84,0.6,0.53,2024-07-30,1001,N20,VIIRS,l,2,309.99,104.73,D,0
47.78465,29.01472,298.69,0.41,0.37,2024-07-30,2356,N20,VIIRS,n,2,286.45,0.47,N,2
46.41662,29.22953,339.94,0.53,0.67,2024-07-31,0942,N20,VIIRS,n,2,297.75,4.4,D,0
46.36237,28.22999,338.57,0.39,0.44,2024-07-31,1122,N20,VIIRS,l,2,309.94,1.95,D,0
46.81589,29.04852,347.65,0.42,0.45,2024-07-31,1122,N20,VIIRS,n,2,309.51,16.18,D,0
47.81934,28.79626,332.76,0.42,0.45,2024-07-31,1123,N20,VIIRS,l,2,304.16,1.12,D,0
46.9968,28.43679,296.24,0.4,0.44,2024-07-31,2337,N20,VIIRS,n,2,283.56,0.3,N,0
46.91201,29.10564,342.65,0.43,0.38,2024-08-01,1104,N20,VIIRS,n,2,296.06,6.17,D,0
46.90855,29.10651,337.38,0.43,0.38,2024-08-01,1104,N20,VIIRS,n,2,300.73,6.17,D,0
46.0869,28.60833,337.57,0.4,0.37,2024-08-02,1044,N20,VIIRS,l,2,309.5,2.28,D,0
47.78727,29.01932,299.45,0.42,0.46,2024-08-03,0040,N20,VIIRS,n,2,276.57,1.01,N,2
45.69749,28.27684,334.42,0.39,0.44,2024-08-03,1026,N20,VIIRS,l,2,306.91,2.06,D,0
47.78721,29.01599,308.4,0.39,0.36,2024-08-05,0002,N20,VIIRS,n,2,288.76,1.24,N,2
46.87466,28.88471,331.25,0.38,0.36,2024-08-07,1051,N20,VIIRS,n,2,302.18,2.04,D,0
46.07882,28.7851,331.2,0.5,0.49,2024-08-09,1013,N20,VIIRS,l,2,303.41,3.49,D,0
46.31045,28.27181,335.62,0.46,0.64,2024-08-09,1154,N20,VIIRS,n,2,295.47,5.92,D,0
47.175,28.61928,303.72,0.45,0.39,2024-08-10,2350,N20,VIIRS,n,2,288.15,0.7,N,0
47.13065,29.11288,299.15,0.44,0.38,2024-08-10,2350,N20,VIIRS,n,2,289.01,0.37,N,0
48.3131,28.0736,330.33,0.52,0.41,2024-08-11,1116,N20,VIIRS,l,2,304.31,2.14,D,0
47.62701,29.17832,313.97,0.44,0.46,2024-08-11,2331,N20,VIIRS,n,2,287.75,1.67,N,0
47.51755,28.01748,343.55,0.39,0.36,2024-08-12,1057,N20,VIIRS,n,2,308.06,10.08,D,0
46.35931,28.64671,340.52,0.39,0.36,2024-08-12,1057,N20,VIIRS,n,2,307.47,4.18,D,0
46.35859,28.64168,338.28,0.39,0.36,2024-08-12,1057,N20,VIIRS,n,2,307.59,4.18,D,0
48.025,27.68078,337.61,0.39,0.36,2024-08-12,1058,N20,VIIRS,n,2,303.67,2.68,D,0
47.54506,29.03614,297.97,0.38,0.58,2024-08-12,2312,N20,VIIRS,n,2,284.97,0.76,N,0
47.54526,29.03047,305.68,0.38,0.58,2024-08-12,2312,N20,VIIRS,n,2,284.19,1.12,N,0
47.78898,29.03376,301.92,0.58,0.52,2024-08-13,0052,N20,VIIRS,n,2,286.3,0.52,N,0
46.13295,28.71528,346.42,0.43,0.38,2024-08-13,1038,N20,VIIRS,n,2,313.28,5.64,D,0
47.36507,28.68799,333.38,0.42,0.38,2024-08-13,1038,N20,VIIRS,l,2,307.2,2.12,D,0
46.43124,30.06125,299.55,0.4,0.37,2024-08-13,1038,N20,VIIRS,l,2,308.95,29.62,D,0
46.42794,30.06243,300.68,0.4,0.37,2024-08-13,1038,N20,VIIRS,l,2,309.42,21.51,D,0
46.42882,30.06753,338.94,0.4,0.37,2024-08-13,1038,N20,VIIRS,n,2,308.38,21.06,D,0
48.08738,28.55234,343.92,0.41,0.37,2024-08-13,1039,N20,VIIRS,n,2,306.67,6.81,D,0
46.53917,29.76094,339.25,0.57,0.43,2024-08-14,1019,N20,VIIRS,n,2,308.47,31.05,D,0
47.82493,28.08686,343.04,0.42,0.45,2024-08-14,1020,N20,VIIRS,n,2,308.2,3.58,D,0
47.78439,29.01868,309.1,0.4,0.37,2024-08-15,0015,N20,VIIRS,n,2,290.12,0.99,N,2
46.47491,30.01562,341.38,0.43,0.38,2024-08-15,0015,N20,VIIRS,n,2,288.43,17.84,N,0
46.5095,28.27917,318.95,0.4,0.37,2024-08-15,0015,N20,VIIRS,n,2,290.53,1.56,N,0
46.47936,30.0115,317.05,0.43,0.38,2024-08-15,0015,N20,VIIRS,n,2,286.72,6.96,N,0
48.18658,28.30631,301.24,0.39,0.36,2024-08-15,0015,N20,VIIRS,n,2,287.17,0.58,N,0
46.47671,30.01432,343.76,0.6,0.53,2024-08-15,1001,N20,VIIRS,n,2,295.33,10.67,D,0
46.92422,28.68886,330.57,0.33,0.56,2024-08-15,1001,N20,VIIRS,n,2,301.41,1.39,D,0
47.52592,28.84288,333.95,0.63,0.54,2024-08-15,1001,N20,VIIRS,n,2,301.34,4.23,D,0
45.80807,28.27934,339.47,0.38,0.58,2024-08-15,1001,N20,VIIRS,n,2,301.25,3.59,D,0
45.80853,28.28477,340.85,0.32,0.55,2024-08-15,1141,N20,VIIRS,n,2,303.51,3.19,D,0
46.68243,29.29989,333.47,0.36,0.58,2024-08-15,1141,N20,VIIRS,n,2,302.36,2.43,D,0
46.67729,29.30515,333.72,0.36,0.58,2024-08-15,1141,N20,VIIRS,n,2,300.79,2.43,D,0
46.472,30.00924,340.7,0.39,0.6,2024-08-15,1141,N20,VIIRS,n,2,293.24,9.53,D,0
46.47218,30.01444,367,0.39,0.6,2024-08-15,1141,N20,VIIRS,h,2,293.59,14.34,D,0
46.88614,29.32309,330.25,0.4,0.37,2024-08-15,2356,N20,VIIRS,n,2,293.48,9.36,N,0
47.78409,29.01865,311.56,0.41,0.37,2024-08-15,2356,N20,VIIRS,n,2,292.3,1.24,N,0
46.42642,29.67924,338.87,0.45,0.47,2024-08-16,1122,N20,VIIRS,n,2,305.77,3.83,D,0
47.66373,29.10299,340.3,0.44,0.46,2024-08-16,1122,N20,VIIRS,n,2,304.51,6.43,D,0
47.6642,29.1088,351.86,0.44,0.46,2024-08-16,1122,N20,VIIRS,n,2,307.23,6.43,D,0
46.49161,30.00397,314.18,0.51,0.41,2024-08-16,2337,N20,VIIRS,n,2,289.38,6.19,N,0
46.49229,29.99729,329.73,0.51,0.41,2024-08-16,2337,N20,VIIRS,n,2,291.55,6.19,N,0
47.78649,29.01574,311.37,0.39,0.44,2024-08-16,2337,N20,VIIRS,n,2,292.07,1.54,N,2
46.4972,29.99691,302.69,0.66,0.73,2024-08-17,0117,N20,VIIRS,n,2,285.31,20.38,N,0
46.48846,30.00013,321.24,0.66,0.73,2024-08-17,0117,N20,VIIRS,n,2,285.26,3.49,N,0
47.78539,29.01485,301.44,0.54,0.68,2024-08-17,0117,N20,VIIRS,n,2,287.32,1.43,N,2
46.48515,30.00951,330.29,0.78,0.78,2024-08-17,0923,N20,VIIRS,n,2,291.29,6.78,D,0
46.48792,30.00147,335.84,0.78,0.78,2024-08-17,0923,N20,VIIRS,n,2,288.93,8.57,D,0
46.44386,30.00807,354.8,0.78,0.78,2024-08-17,0923,N20,VIIRS,n,2,290.81,17.2,D,0
46.49147,30.00457,342.16,0.78,0.78,2024-08-17,0923,N20,VIIRS,n,2,288.28,6.78,D,0
45.59335,28.25154,336.69,0.4,0.37,2024-08-17,1103,N20,VIIRS,l,2,307.2,6.1,D,0
45.58932,28.24731,340.24,0.4,0.37,2024-08-17,1103,N20,VIIRS,n,2,309.28,2.59,D,0
45.59266,28.24639,347.81,0.4,0.37,2024-08-17,1103,N20,VIIRS,n,2,311.47,6.1,D,0
46.44225,30.00803,337.73,0.45,0.39,2024-08-17,1103,N20,VIIRS,n,2,302.35,6.7,D,0
46.44156,30.00206,352.94,0.45,0.39,2024-08-17,1103,N20,VIIRS,n,2,307.6,6.7,D,0
46.44087,29.99612,339.5,0.45,0.39,2024-08-17,1103,N20,VIIRS,n,2,303.56,4.91,D,0
46.64363,28.34839,347.26,0.41,0.37,2024-08-17,1103,N20,VIIRS,n,2,306.7,8.67,D,0
46.64701,28.3475,350.84,0.41,0.37,2024-08-17,1103,N20,VIIRS,n,2,309.06,8.67,D,0
46.64634,28.34232,342.07,0.41,0.37,2024-08-17,1103,N20,VIIRS,n,2,308.38,8.67,D,0
46.68724,28.60682,331.96,0.41,0.37,2024-08-17,1103,N20,VIIRS,l,2,304.37,3.99,D,0
46.98272,29.06821,335.55,0.43,0.38,2024-08-17,1103,N20,VIIRS,n,2,304.45,9.08,D,0
46.98685,29.07292,343.15,0.43,0.38,2024-08-17,1103,N20,VIIRS,n,2,304.5,7.35,D,0
48.42847,27.63162,334.59,0.41,0.37,2024-08-17,1104,N20,VIIRS,n,2,304.52,2.19,D,0
48.01746,28.73214,344.94,0.43,0.38,2024-08-17,1104,N20,VIIRS,n,2,309.2,6.4,D,0
47.29525,28.97772,306.8,0.63,0.54,2024-08-17,2318,N20,VIIRS,n,2,289.56,1.09,N,0
47.29098,28.98013,307.16,0.63,0.54,2024-08-17,2318,N20,VIIRS,n,2,290.28,2,N,0
47.78561,29.0145,308.35,0.32,0.54,2024-08-17,2318,N20,VIIRS,n,2,290.07,0.89,N,2
47.78524,29.01703,305.52,0.34,0.56,2024-08-18,0058,N20,VIIRS,n,2,289.62,0.93,N,2
46.27454,28.56519,340.54,0.4,0.37,2024-08-18,1044,N20,VIIRS,l,2,311.09,2.7,D,0
46.27124,28.56637,346.36,0.4,0.37,2024-08-18,1044,N20,VIIRS,n,2,310.98,2.7,D,0
47.29425,28.9823,336.56,0.39,0.36,2024-08-18,1045,N20,VIIRS,n,2,306.44,5.7,D,0
47.29668,28.97608,333.79,0.39,0.36,2024-08-18,1045,N20,VIIRS,n,2,302.05,1.89,D,0
46.68121,28.23585,341.65,0.4,0.37,2024-08-18,1045,N20,VIIRS,n,2,307.93,4.51,D,0
46.68452,28.23466,341.69,0.4,0.37,2024-08-18,1045,N20,VIIRS,n,2,308.52,4.51,D,0
47.78437,29.01562,305.71,0.42,0.46,2024-08-19,0040,N20,VIIRS,n,2,288.73,0.84,N,2
46.26061,28.56827,346.63,0.56,0.43,2024-08-19,1026,N20,VIIRS,n,2,311.56,11.18,D,0
46.45857,29.65627,336.18,0.5,0.41,2024-08-19,1026,N20,VIIRS,l,2,309.47,4.31,D,0
47.43228,28.33673,335.31,0.54,0.42,2024-08-19,1026,N20,VIIRS,n,2,305.75,3.06,D,0
46.98587,29.13868,330.9,0.51,0.41,2024-08-19,1026,N20,VIIRS,l,2,305.47,1.42,D,0
46.81911,28.78691,334.58,0.53,0.42,2024-08-19,1026,N20,VIIRS,l,2,307.04,4.37,D,0
46.90345,29.43589,332.84,0.5,0.41,2024-08-19,1026,N20,VIIRS,n,2,302.76,5.63,D,0
46.3478,28.22532,354.84,0.65,0.73,2024-08-19,1206,N20,VIIRS,n,2,297.78,10.03,D,0
46.34779,28.23313,337.61,0.65,0.73,2024-08-19,1206,N20,VIIRS,n,2,296.05,10.03,D,0
46.34956,28.22527,330.57,0.65,0.73,2024-08-19,1206,N20,VIIRS,n,2,296.32,5.57,D,0
46.3496,28.21816,335.83,0.65,0.73,2024-08-19,1206,N20,VIIRS,n,2,298.14,5.57,D,0
46.3428,28.2254,352.15,0.65,0.73,2024-08-19,1206,N20,VIIRS,n,2,297.07,10.21,D,0
47.78535,29.01698,311.31,0.43,0.38,2024-08-20,0021,N20,VIIRS,n,2,291.31,1.35,N,2
47.99852,27.94443,309.34,0.41,0.37,2024-08-20,0021,N20,VIIRS,n,2,288.42,0.93,N,0
46.97277,28.67233,340.39,0.57,0.52,2024-08-20,1007,N20,VIIRS,n,2,305.55,5.5,D,0
46.22656,28.91538,341.81,0.58,0.52,2024-08-20,1007,N20,VIIRS,n,2,313.21,6.24,D,0
47.18493,28.47204,341.28,0.57,0.52,2024-08-20,1007,N20,VIIRS,n,2,306.09,15.15,D,0
46.22838,28.92229,345.84,0.58,0.52,2024-08-20,1007,N20,VIIRS,l,2,316.89,34.1,D,0
46.9701,28.6817,339.44,0.57,0.52,2024-08-20,1007,N20,VIIRS,n,2,306.68,5.67,D,0
46.22489,28.91264,340.46,0.41,0.61,2024-08-20,1147,N20,VIIRS,l,2,311.21,4.5,D,0
46.83195,29.8005,367,0.46,0.64,2024-08-20,1148,N20,VIIRS,h,2,314.36,11.49,D,0
46.834,29.80277,367,0.46,0.64,2024-08-20,1148,N20,VIIRS,h,2,310.65,5.77,D,0
47.28032,27.97134,367,0.38,0.59,2024-08-20,1148,N20,VIIRS,h,2,309.38,6.74,D,0
46.83184,29.79438,335.05,0.46,0.64,2024-08-20,1148,N20,VIIRS,n,2,309.5,5.3,D,0
46.83386,29.79668,349.47,0.46,0.64,2024-08-20,1148,N20,VIIRS,n,2,312.15,5.77,D,0
47.28575,27.9711,344.92,0.38,0.59,2024-08-20,1148,N20,VIIRS,n,2,308.24,6.74,D,0
47.28559,27.96653,367,0.38,0.59,2024-08-20,1148,N20,VIIRS,h,2,308.2,6.74,D,0
47.02371,29.45028,297.68,0.38,0.36,2024-08-21,0002,N20,VIIRS,n,2,286.93,0.36,N,0
47.78702,29.01862,305.98,0.39,0.36,2024-08-21,0002,N20,VIIRS,n,2,290.08,0.99,N,2
47.78877,29.02992,297.64,0.39,0.36,2024-08-21,0002,N20,VIIRS,n,2,287.36,0.62,N,0
47.00629,29.21115,367,0.43,0.62,2024-08-21,0948,N20,VIIRS,h,2,303.75,47.08,D,0
47.00793,29.21654,330.84,0.43,0.62,2024-08-21,0948,N20,VIIRS,n,2,301.17,18.52,D,0
47.00459,29.20558,354.56,0.43,0.62,2024-08-21,0948,N20,VIIRS,n,2,305.54,47.08,D,0
47.01154,29.20782,367,0.43,0.62,2024-08-21,0948,N20,VIIRS,h,2,305.06,47.08,D,0
47.00827,29.19707,339.43,0.43,0.62,2024-08-21,0948,N20,VIIRS,n,2,302.02,45.19,D,0
47.00989,29.20238,207.93,0.43,0.62,2024-08-21,0948,N20,VIIRS,l,2,322.13,47.08,D,0
47.00906,29.20836,367,0.43,0.62,2024-08-21,0948,N20,VIIRS,h,2,309.9,129.36,D,0
47.00574,29.19765,336.6,0.43,0.62,2024-08-21,0948,N20,VIIRS,n,2,301.27,77.06,D,0
47.00735,29.20286,367,0.43,0.62,2024-08-21,0948,N20,VIIRS,l,2,327.94,77.06,D,0
47.00623,29.19831,341.68,0.51,0.49,2024-08-21,1129,N20,VIIRS,n,2,307.11,5.18,D,0
47.00212,29.20584,343.6,0.51,0.49,2024-08-21,1129,N20,VIIRS,n,2,304.61,17.59,D,0
47.00166,29.19895,340.06,0.51,0.49,2024-08-21,1129,N20,VIIRS,n,2,302.84,5.18,D,0
48.04203,28.68691,344.91,0.5,0.49,2024-08-21,1129,N20,VIIRS,n,2,306.75,5.9,D,0
47.01212,29.21775,342.21,0.51,0.5,2024-08-21,1129,N20,VIIRS,n,2,305.25,8.99,D,0
47.01167,29.21099,342.26,0.51,0.5,2024-08-21,1129,N20,VIIRS,n,2,305.8,9.42,D,0
47.68459,28.16035,308.17,0.54,0.42,2024-08-21,2343,N20,VIIRS,n,2,289.41,0.74,N,0
47.29913,27.74679,344.7,0.44,0.38,2024-08-22,1110,N20,VIIRS,n,2,300.6,7.48,D,0
47.78524,29.01191,298.2,0.54,0.51,2024-08-22,2324,N20,VIIRS,n,2,287.02,0.89,N,2
46.46987,28.85898,307.45,0.53,0.5,2024-08-22,2325,N20,VIIRS,n,2,287.73,1.17,N,0
46.47271,28.85947,308.22,0.53,0.5,2024-08-22,2325,N20,VIIRS,n,2,287.46,1.2,N,0
46.51093,29.6368,302.49,0.46,0.64,2024-08-23,0105,N20,VIIRS,n,2,286.6,0.65,N,0
47.78661,29.01501,301.54,0.4,0.6,2024-08-23,0105,N20,VIIRS,n,2,285.26,0.69,N,2
46.97874,28.1977,317.52,0.39,0.59,2024-08-23,0105,N20,VIIRS,n,2,286.81,1.83,N,0
46.5162,29.6403,345.02,0.46,0.64,2024-08-23,0105,N20,VIIRS,n,2,287.86,5.15,N,0
46.5107,29.63716,306.52,0.46,0.64,2024-08-23,0105,N20,VIIRS,n,2,286.98,1.15,N,0
46.51641,29.63994,343.12,0.46,0.64,2024-08-23,0105,N20,VIIRS,n,2,287.7,3.18,N,0
46.51476,29.64527,300.22,0.46,0.64,2024-08-23,0105,N20,VIIRS,n,2,287.25,3.18,N,0
45.69218,28.49297,335.35,0.39,0.36,2024-08-23,1050,N20,VIIRS,l,2,306.24,1.24,D,0
45.68892,28.49404,336.05,0.39,0.36,2024-08-23,1050,N20,VIIRS,l,2,306.94,1.24,D,0
47.5074,29.07092,335.97,0.38,0.36,2024-08-23,1051,N20,VIIRS,l,2,307.33,7.91,D,0
46.29155,28.88128,337.78,0.38,0.36,2024-08-23,1051,N20,VIIRS,l,2,309.07,3.26,D,0
46.87451,28.7557,335.57,0.38,0.36,2024-08-23,1051,N20,VIIRS,n,2,301.91,1.08,D,0
47.50163,29.07807,338.25,0.38,0.36,2024-08-23,1051,N20,VIIRS,l,2,311.8,6.65,D,0
47.50088,29.07305,346.27,0.38,0.36,2024-08-23,1051,N20,VIIRS,n,2,307.05,6.65,D,0
47.50414,29.07199,346.5,0.38,0.36,2024-08-23,1051,N20,VIIRS,n,2,313.42,7.91,D,0
47.50665,29.0659,348.88,0.38,0.36,2024-08-23,1051,N20,VIIRS,n,2,309.64,4.59,D,0
47.50866,28.49279,336.81,0.38,0.36,2024-08-23,1051,N20,VIIRS,l,2,308.18,2.35,D,0
47.51191,28.4917,339.44,0.38,0.36,2024-08-23,1051,N20,VIIRS,n,2,307.55,3,D,0
47.92715,28.65442,331.61,0.38,0.36,2024-08-23,1051,N20,VIIRS,n,2,303.79,0.97,D,0
47.78398,29.01135,296.08,0.45,0.63,2024-08-23,2305,N20,VIIRS,n,2,285.32,0.89,N,0
47.78872,29.01647,298.28,0.45,0.63,2024-08-23,2305,N20,VIIRS,n,2,286.33,1.51,N,2
47.78424,29.01602,300.13,0.49,0.49,2024-08-24,0046,N20,VIIRS,n,2,286.44,1.21,N,2
47.28294,28.97764,342.04,0.46,0.39,2024-08-24,1032,N20,VIIRS,n,2,308.52,8.16,D,0
47.68031,28.16364,334.42,0.48,0.4,2024-08-24,1032,N20,VIIRS,n,2,308.41,3.41,D,0
47.68045,28.16269,335.84,0.48,0.4,2024-08-24,1032,N20,VIIRS,n,2,308.35,3.31,D,0
47.24035,28.95164,335.79,0.46,0.39,2024-08-24,1032,N20,VIIRS,l,2,305.85,3.2,D,0
47.24147,28.95737,336.97,0.46,0.39,2024-08-24,1032,N20,VIIRS,n,2,302.67,2.09,D,0
47.28056,28.98473,342.05,0.45,0.39,2024-08-24,1032,N20,VIIRS,n,2,307.54,8.16,D,0
48.28258,26.71371,332.48,0.52,0.42,2024-08-24,1032,N20,VIIRS,l,2,304.23,4.89,D,0
46.44785,28.73068,336.31,0.48,0.4,2024-08-24,1032,N20,VIIRS,l,2,307.55,12.52,D,0
46.44551,28.73826,344.36,0.48,0.4,2024-08-24,1032,N20,VIIRS,n,2,314.99,12.52,D,0
48.28566,26.7111,335.89,0.52,0.42,2024-08-24,1032,N20,VIIRS,n,2,303.01,5.16,D,0
46.46259,28.36373,336.38,0.49,0.4,2024-08-24,1032,N20,VIIRS,l,2,309.64,45.87,D,0
47.24493,28.95584,346.08,0.46,0.39,2024-08-24,1032,N20,VIIRS,n,2,308.57,6.92,D,0
47.28403,28.9833,355.7,0.45,0.39,2024-08-24,1032,N20,VIIRS,n,2,312.82,8.16,D,0
48.27974,26.71324,335.6,0.66,0.73,2024-08-24,1213,N20,VIIRS,n,2,297.75,5.98,D,0
48.2809,26.71162,338.14,0.66,0.73,2024-08-24,1213,N20,VIIRS,n,2,298.67,8.69,D,0
47.78378,29.00934,297.86,0.75,0.77,2024-08-24,2246,N20,VIIRS,n,2,286.88,1.67,N,0
46.76675,28.33224,298.51,0.48,0.4,2024-08-25,0027,N20,VIIRS,n,2,286.79,0.36,N,0
47.78634,29.01673,307.43,0.48,0.4,2024-08-25,0027,N20,VIIRS,n,2,289.92,1.24,N,2
47.78697,29.01609,305.54,0.48,0.4,2024-08-25,0027,N20,VIIRS,n,2,290.28,1.61,N,2
47.31426,28.28528,346.05,0.49,0.49,2024-08-25,1013,N20,VIIRS,n,2,301.57,7.12,D,0
48.09269,28.42991,342.43,0.46,0.47,2024-08-25,1013,N20,VIIRS,n,2,303.71,6.14,D,0
48.08987,28.42976,341.62,0.46,0.47,2024-08-25,1014,N20,VIIRS,n,2,300.79,4.21,D,0
47.3127,28.27983,354.65,0.47,0.64,2024-08-25,1154,N20,VIIRS,n,2,300.92,6.08,D,0
47.31606,28.2778,340.62,0.47,0.64,2024-08-25,1154,N20,VIIRS,n,2,298.91,8.29,D,0
47.31617,28.28406,341.64,0.47,0.64,2024-08-25,1154,N20,VIIRS,n,2,298.92,9.3,D,0
47.31284,28.28596,331.77,0.47,0.64,2024-08-25,1154,N20,VIIRS,n,2,298.93,6.08,D,0
46.91833,28.70614,331.66,0.49,0.65,2024-08-25,1154,N20,VIIRS,n,2,299.38,4.16,D,0
47.78689,29.01718,318.64,0.39,0.36,2024-08-26,0008,N20,VIIRS,n,2,292.9,1.87,N,2
47.34914,29.13505,333.59,0.36,0.58,2024-08-26,0955,N20,VIIRS,n,2,298.41,1.62,D,0
46.60187,29.54911,330.85,0.63,0.54,2024-08-26,1135,N20,VIIRS,l,2,303.92,3.49,D,0
47.87243,29.18081,334.15,0.57,0.43,2024-08-27,1116,N20,VIIRS,n,2,292.93,3.46,D,0
47.34083,27.66216,334.3,0.49,0.4,2024-08-27,1116,N20,VIIRS,n,2,302.5,5.61,D,0
48.15469,27.43039,336.29,0.49,0.4,2024-08-27,1116,N20,VIIRS,l,2,307.27,5.01,D,0
47.87479,29.18073,336.86,0.57,0.43,2024-08-27,1116,N20,VIIRS,n,2,294.56,5.86,D,0
48.37529,27.77221,334.68,0.39,0.36,2024-08-28,1057,N20,VIIRS,n,2,297.12,4.22,D,0
47.24781,28.68818,328.58,0.58,0.7,2024-08-30,1200,N20,VIIRS,n,2,292.37,3.19,D,0
47.78562,29.01901,304.95,0.4,0.37,2024-08-31,0014,N20,VIIRS,n,2,284.87,1.09,N,2
46.63335,28.96342,301.02,0.4,0.37,2024-08-31,2356,N20,VIIRS,n,2,287.28,0.46,N,0
47.78701,29.01594,305.53,0.41,0.37,2024-08-31,2356,N20,VIIRS,n,2,285.38,0.8,N,2
46.63671,28.96439,301.23,0.4,0.37,2024-08-31,2356,N20,VIIRS,n,2,287.13,0.46,N,0
46.79707,28.19129,332.52,0.39,0.44,2024-09-01,1122,N20,VIIRS,l,2,306.79,5.47,D,0
46.80486,28.74421,335.55,0.41,0.45,2024-09-01,1122,N20,VIIRS,n,2,302.93,6.85,D,0
46.79663,28.18638,347.9,0.39,0.44,2024-09-01,1122,N20,VIIRS,n,2,308.17,5.47,D,0
47.98695,28.20311,335.11,0.41,0.37,2024-09-02,1103,N20,VIIRS,l,2,307.8,4.08,D,0
48.15231,27.43141,334.86,0.4,0.37,2024-09-02,1103,N20,VIIRS,n,2,304.73,2.69,D,0
47.78704,29.01616,310.07,0.32,0.55,2024-09-02,2318,N20,VIIRS,n,2,290.83,1.2,N,2
47.78698,29.01944,297.95,0.34,0.56,2024-09-03,0058,N20,VIIRS,n,2,287.03,0.88,N,2
47.04282,28.07203,342.99,0.4,0.37,2024-09-03,1044,N20,VIIRS,n,2,305.04,5.38,D,0
47.28319,28.15688,338.9,0.4,0.37,2024-09-03,1044,N20,VIIRS,n,2,299.85,3.18,D,0
47.28145,28.15548,354.38,0.4,0.37,2024-09-03,1044,N20,VIIRS,n,2,303.47,10.92,D,0
47.0386,28.06803,330.55,0.4,0.37,2024-09-03,1044,N20,VIIRS,l,2,302.79,3.67,D,0
47.78992,29.0183,297.32,0.39,0.36,2024-09-06,0002,N20,VIIRS,n,2,285.99,0.65,N,0
48.3344,27.11418,339.3,0.42,0.45,2024-09-06,1129,N20,VIIRS,n,2,302.35,2.16,D,0
47.7875,29.01664,308.21,0.51,0.41,2024-09-06,2343,N20,VIIRS,n,2,288.08,1.95,N,2
47.78675,29.01739,296.04,0.62,0.72,2024-09-07,0123,N20,VIIRS,n,2,285.36,1.39,N,2
47.78911,29.01239,295.18,0.62,0.72,2024-09-07,0123,N20,VIIRS,n,2,284.3,1.77,N,0
45.74686,28.22559,333,0.43,0.38,2024-09-07,1109,N20,VIIRS,l,2,306.22,2.83,D,0
48.27275,27.95412,339.67,0.45,0.39,2024-09-07,1110,N20,VIIRS,n,2,311.25,5.1,D,0
48.3559,27.49475,339.86,0.44,0.38,2024-09-07,1110,N20,VIIRS,n,2,310.46,3.9,D,0
48.35563,27.49291,340.59,0.44,0.38,2024-09-07,1110,N20,VIIRS,n,2,310.88,4.52,D,0
47.78742,29.01221,299.24,0.54,0.51,2024-09-07,2324,N20,VIIRS,n,2,283.63,1.8,N,2
47.78662,29.0145,302.72,0.39,0.6,2024-09-08,0104,N20,VIIRS,n,2,282.99,0.98,N,2
47.15082,28.18865,342.86,0.39,0.36,2024-09-08,1050,N20,VIIRS,n,2,301.48,4.91,D,0
47.14756,28.18974,339.12,0.39,0.36,2024-09-08,1050,N20,VIIRS,n,2,306.75,20.7,D,0
47.90626,27.31481,334.48,0.39,0.36,2024-09-08,1051,N20,VIIRS,l,2,308.26,7.34,D,0
47.90467,27.32622,335.05,0.39,0.36,2024-09-08,1051,N20,VIIRS,l,2,309.48,5.26,D,0
48.28839,27.04483,331.59,0.39,0.36,2024-09-08,1051,N20,VIIRS,n,2,305.94,1.48,D,0
47.78756,29.0115,302.47,0.45,0.63,2024-09-08,2305,N20,VIIRS,n,2,282.34,1.27,N,2
47.78625,29.01871,301.42,0.49,0.49,2024-09-09,0045,N20,VIIRS,n,2,283.94,1.23,N,2
45.92124,28.58711,332.07,0.5,0.41,2024-09-09,1031,N20,VIIRS,l,2,305.44,2.25,D,0
46.75053,29.60918,343.75,0.45,0.39,2024-09-09,1031,N20,VIIRS,n,2,307.29,12.26,D,0
47.4027,28.1891,335.22,0.48,0.4,2024-09-09,1032,N20,VIIRS,n,2,308.71,28.42,D,0
48.14573,28.05277,335.78,0.47,0.4,2024-09-09,1032,N20,VIIRS,l,2,310.32,24.88,D,0
48.14449,28.04659,309.82,0.47,0.4,2024-09-09,1032,N20,VIIRS,l,2,313.56,30.66,D,0
47.86309,28.37524,335.3,0.78,0.78,2024-09-09,1213,N20,VIIRS,n,2,300.28,3.8,D,0
47.96691,28.37392,331.93,0.78,0.78,2024-09-09,1213,N20,VIIRS,n,2,301.42,3.56,D,0
47.52332,27.8272,295.31,0.44,0.39,2024-09-10,0027,N20,VIIRS,n,2,283.42,0.4,N,0
47.78501,29.01915,299.03,0.48,0.4,2024-09-10,0027,N20,VIIRS,n,2,286.32,0.98,N,2
47.78981,29.01465,295.46,0.48,0.4,2024-09-10,0027,N20,VIIRS,n,2,284.55,0.49,N,2
47.96027,27.64155,317.48,0.43,0.38,2024-09-10,0027,N20,VIIRS,n,2,283.52,2.03,N,0
47.79188,28.95466,303.93,0.46,0.47,2024-09-12,2330,N20,VIIRS,n,2,285.78,1.04,N,2
47.79113,28.95454,298.5,0.46,0.63,2024-09-13,0110,N20,VIIRS,n,2,284.55,0.7,N,2
47.78409,29.0151,297.3,0.38,0.59,2024-09-13,2311,N20,VIIRS,n,2,286.58,0.98,N,0
47.79312,28.95238,301.67,0.64,0.72,2024-09-14,2252,N20,VIIRS,n,2,285.22,1.74,N,2
47.78681,29.01383,295.63,0.64,0.72,2024-09-14,2252,N20,VIIRS,n,2,284.84,0.77,N,2
47.78625,29.01682,301.39,0.54,0.42,2024-09-15,0033,N20,VIIRS,n,2,287.8,0.86,N,2
47.78734,28.9559,304.25,0.54,0.42,2024-09-15,0033,N20,VIIRS,n,2,288.06,1.4,N,0
47.78659,29.01897,296.75,0.39,0.44,2024-09-17,2336,N20,VIIRS,n,2,282.68,1.19,N,2
47.78825,28.95458,304.5,0.4,0.44,2024-09-17,2336,N20,VIIRS,n,2,280.78,1.44,N,2
47.78438,29.01578,296.86,0.53,0.67,2024-09-18,0116,N20,VIIRS,n,2,283.48,0.87,N,2
46.78971,29.48377,336.54,0.39,0.36,2024-09-19,1044,N20,VIIRS,n,2,295.08,3.34,D,0
47.78708,29.0149,296.56,0.54,0.68,2024-09-19,2258,N20,VIIRS,n,2,282.12,0.77,N,2
47.78982,28.95231,311.84,0.41,0.45,2024-09-20,0039,N20,VIIRS,n,2,282.95,1.77,N,2
47.78943,29.02919,295.14,0.42,0.45,2024-09-20,0039,N20,VIIRS,n,2,278.17,0.65,N,0
47.78794,29.01669,298.85,0.42,0.45,2024-09-20,0039,N20,VIIRS,n,2,281.72,0.37,N,2
47.78917,28.95536,311.2,0.43,0.38,2024-09-21,0020,N20,VIIRS,n,2,285.05,1.41,N,2
47.78437,29.01916,302.49,0.43,0.38,2024-09-21,0020,N20,VIIRS,n,2,284.67,1.29,N,2
48.40732,27.60272,328,0.36,0.58,2024-09-21,1147,N20,VIIRS,n,2,294.29,1.74,D,0
47.76242,29.19138,343.33,0.43,0.62,2024-09-21,1147,N20,VIIRS,n,2,295.55,4.7,D,0
47.79047,28.95675,309.99,0.39,0.36,2024-09-22,0001,N20,VIIRS,n,2,285.42,1.7,N,2
47.78551,29.01429,301.34,0.39,0.36,2024-09-22,0001,N20,VIIRS,n,2,283.35,1.15,N,2
48.02332,28.34751,345.27,0.44,0.63,2024-09-22,0948,N20,VIIRS,n,2,295.59,5.44,D,0
48.02514,28.34586,340.83,0.44,0.63,2024-09-22,0948,N20,VIIRS,n,2,296.05,5.55,D,0
48.0258,28.34847,334.33,0.47,0.48,2024-09-22,1128,N20,VIIRS,n,2,298.36,2.16,D,0
47.79187,28.95149,301.69,0.51,0.41,2024-09-22,2342,N20,VIIRS,n,2,282.25,0.52,N,2
47.78557,29.01319,301.36,0.51,0.41,2024-09-22,2342,N20,VIIRS,n,2,283.94,1.27,N,2
47.79035,28.94985,295.76,0.55,0.51,2024-09-23,2323,N20,VIIRS,n,2,283.45,0.91,N,2
47.78616,29.01647,297.6,0.55,0.51,2024-09-23,2323,N20,VIIRS,n,2,285.14,0.95,N,2
47.78806,28.95306,304.52,0.39,0.59,2024-09-24,0104,N20,VIIRS,n,2,285.08,1.02,N,2
47.78727,29.01554,296.87,0.39,0.59,2024-09-24,0104,N20,VIIRS,n,2,283.89,0.53,N,2
47.21946,28.96022,342.75,0.38,0.36,2024-09-24,1050,N20,VIIRS,n,2,302.71,4.34,D,0
47.78838,29.03431,331.79,0.38,0.36,2024-09-24,1050,N20,VIIRS,n,2,299.42,1.61,D,0
47.79261,28.95158,306.94,0.46,0.64,2024-09-24,2304,N20,VIIRS,n,2,284.72,1.41,N,2
47.78556,29.01388,301.64,0.46,0.63,2024-09-24,2304,N20,VIIRS,n,2,285.77,1.13,N,2
47.78429,29.01824,298.59,0.48,0.48,2024-09-25,0045,N20,VIIRS,n,2,280.36,1.39,N,2
47.79126,28.95274,304.15,0.48,0.48,2024-09-25,0045,N20,VIIRS,n,2,279.36,0.88,N,2
47.68419,28.16208,297.73,0.38,0.36,2024-09-27,0007,N20,VIIRS,n,2,286.23,0.37,N,0
47.79007,28.95218,308.62,0.38,0.36,2024-09-27,0007,N20,VIIRS,n,2,281.41,1,N,2
47.99877,28.74358,299.63,0.46,0.39,2024-09-27,2348,N20,VIIRS,n,2,287.85,0.36,N,0
47.79159,28.95492,299.51,0.45,0.39,2024-09-27,2349,N20,VIIRS,n,2,288.61,0.62,N,2
47.78449,29.01521,302.02,0.45,0.39,2024-09-27,2349,N20,VIIRS,n,2,288.38,1.34,N,2
47.78803,28.95399,306.68,0.45,0.39,2024-09-27,2349,N20,VIIRS,n,2,289.03,1.19,N,2
47.34031,27.76173,342.71,0.48,0.4,2024-09-28,1115,N20,VIIRS,n,2,297.89,5.89,D,0
47.76538,27.60467,332.21,0.48,0.4,2024-09-28,1115,N20,VIIRS,n,2,299.67,4.26,D,0
47.95887,28.63684,307,0.48,0.48,2024-09-28,2330,N20,VIIRS,n,2,286.1,1.73,N,0
47.56327,28.94035,296.43,0.39,0.59,2024-09-29,2311,N20,VIIRS,n,2,281.61,0.36,N,0
47.79096,28.9528,306.99,0.4,0.37,2024-10-02,0014,N20,VIIRS,n,2,278.41,0.88,N,2
47.78664,29.01761,298.23,0.4,0.37,2024-10-02,0014,N20,VIIRS,n,2,280.37,0.8,N,2
47.92599,28.62766,326.63,0.5,0.66,2024-10-03,0942,N20,VIIRS,n,2,288.65,3.85,D,0
46.86012,29.61706,327.9,0.44,0.46,2024-10-03,1121,N20,VIIRS,n,2,295.53,2.83,D,0
46.81812,28.89641,339.3,0.41,0.45,2024-10-03,1121,N20,VIIRS,n,2,294.82,4.87,D,0
46.86246,29.61538,331.05,0.44,0.46,2024-10-03,1121,N20,VIIRS,n,2,295.86,3.37,D,0
47.7913,28.95521,302.95,0.51,0.41,2024-10-08,2342,N20,VIIRS,n,2,282.82,1.8,N,2
47.79029,28.94951,301.72,0.62,0.71,2024-10-09,0122,N20,VIIRS,n,2,281.98,1.58,N,0
47.78976,28.95129,300.46,0.62,0.71,2024-10-09,0122,N20,VIIRS,n,2,282.28,1.22,N,2
47.7896,29.01372,299.47,0.45,0.63,2024-10-10,2305,N20,VIIRS,n,2,283.41,1.28,N,0
47.78799,29.01303,304.66,0.45,0.63,2024-10-10,2305,N20,VIIRS,n,2,284.06,1.21,N,0
47.78765,29.01551,302.56,0.49,0.49,2024-10-11,0045,N20,VIIRS,n,2,283.1,1,N,2
47.78907,28.95306,299,0.49,0.48,2024-10-11,0045,N20,VIIRS,n,2,282.35,0.91,N,2
48.19097,27.87842,295.4,0.43,0.46,2024-10-11,0045,N20,VIIRS,n,2,282.01,0.33,N,0
47.78721,29.01564,308.08,0.38,0.36,2024-10-13,0008,N20,VIIRS,n,2,281.73,1.25,N,2
47.57484,29.12129,333.4,0.55,0.43,2024-10-14,1115,N20,VIIRS,n,2,290.71,2.51,D,0
47.78862,29.03074,303.23,0.4,0.37,2024-10-18,0014,N20,VIIRS,n,2,273.48,0.76,N,0
47.07561,28.7334,306.38,0.41,0.37,2024-10-18,2355,N20,VIIRS,n,2,275.6,2.17,N,0
47.07222,28.73247,331.27,0.41,0.37,2024-10-18,2355,N20,VIIRS,n,2,274.57,2.17,N,0
47.47433,28.95226,330.46,0.43,0.38,2024-10-20,1103,N20,VIIRS,n,2,285.25,3.19,D,0
48.29662,27.06159,325.9,0.4,0.37,2024-10-20,1103,N20,VIIRS,n,2,286.94,1.68,D,0
47.78523,29.01401,303.2,0.34,0.56,2024-10-21,0058,N20,VIIRS,n,2,274.37,0.99,N,2
46.61206,29.88306,332.77,0.39,0.36,2024-10-21,1044,N20,VIIRS,n,2,292.74,3.49,D,0
46.67184,29.8078,334.91,0.39,0.36,2024-10-21,1044,N20,VIIRS,n,2,292.05,2.36,D,0
46.61612,29.88693,327.86,0.39,0.36,2024-10-21,1044,N20,VIIRS,n,2,291.47,2.43,D,0
47.78621,29.03026,309.12,0.42,0.45,2024-10-22,0039,N20,VIIRS,n,2,274.43,1.54,N,0
47.78474,29.01764,299.63,0.42,0.45,2024-10-22,0039,N20,VIIRS,n,2,276.82,1.08,N,2
45.96335,28.33891,296.02,0.44,0.46,2024-10-22,0040,N20,VIIRS,n,2,273.14,0.52,N,0
45.96315,28.34101,298.17,0.44,0.46,2024-10-22,0040,N20,VIIRS,n,2,272.58,0.28,N,0
46.69328,29.74448,296.96,0.47,0.4,2024-10-23,0021,N20,VIIRS,n,2,274.78,0.5,N,0
48.10974,27.69741,353.79,0.72,0.76,2024-10-25,0929,N20,VIIRS,n,2,284.6,20.84,D,0
46.34481,28.64329,330.26,0.45,0.39,2024-10-25,1109,N20,VIIRS,n,2,291.98,2.82,D,0
48.106,27.69807,328,0.44,0.39,2024-10-25,1109,N20,VIIRS,n,2,286.76,1.52,D,0
48.25215,27.28295,331.69,0.5,0.41,2024-10-27,1032,N20,VIIRS,n,2,288.27,10.79,D,0
46.73278,28.49293,303.06,0.48,0.4,2024-10-28,0027,N20,VIIRS,n,2,278.6,1.08,N,0
47.78997,28.95439,314.34,0.38,0.36,2024-10-29,0008,N20,VIIRS,n,2,282.16,1.59,N,2
48.05386,27.61756,331.09,0.52,0.5,2024-10-29,1135,N20,VIIRS,n,2,288.35,3.64,D,0
47.79096,28.95162,298.95,0.38,0.59,2024-10-31,2311,N20,VIIRS,n,2,265.44,0.47,N,2
47.49854,28.70887,297.21,0.66,0.73,2024-11-01,2252,N20,VIIRS,n,2,279.02,0.55,N,0
47.78965,28.95142,301.45,0.64,0.72,2024-11-01,2252,N20,VIIRS,n,2,282.01,1.14,N,2
47.78851,28.94994,299.66,0.55,0.42,2024-11-02,0033,N20,VIIRS,n,2,280.79,1.74,N,2
46.51075,29.64095,337.33,0.41,0.45,2024-11-02,0033,N20,VIIRS,n,2,282.05,4.91,N,0
47.78872,28.9552,305.93,0.4,0.37,2024-11-03,0014,N20,VIIRS,n,2,273.45,1.23,N,2
47.21515,27.94544,325.09,0.35,0.57,2024-11-03,1000,N20,VIIRS,n,2,280.75,3.13,D,0
47.78931,28.95376,307.86,0.39,0.44,2024-11-04,2336,N20,VIIRS,n,2,274.95,1.6,N,2
47.78772,29.01746,300.54,0.39,0.44,2024-11-04,2336,N20,VIIRS,n,2,273.01,0.77,N,2
46.69593,29.72154,325.11,0.44,0.38,2024-11-05,1103,N20,VIIRS,n,2,284.83,6.29,D,0
47.77985,28.07731,347.42,0.4,0.37,2024-11-06,1044,N20,VIIRS,n,2,285.2,2.79,D,0
47.11536,27.88234,345.24,0.41,0.37,2024-11-06,1044,N20,VIIRS,n,2,284.59,13.45,D,0
47.82697,29.06049,335.57,0.39,0.36,2024-11-06,1044,N20,VIIRS,n,2,286.46,3.63,D,0
46.69786,29.72202,327.65,0.39,0.36,2024-11-06,1044,N20,VIIRS,n,2,286.81,1.13,D,0
47.78996,28.9515,302.82,0.54,0.68,2024-11-06,2258,N20,VIIRS,n,2,274.93,1.15,N,2
47.7879,28.95217,303.49,0.42,0.45,2024-11-07,0039,N20,VIIRS,n,2,272.93,1.5,N,2
47.78575,29.0172,302.08,0.42,0.45,2024-11-07,0039,N20,VIIRS,n,2,273.59,1.17,N,2
47.09124,28.73907,327.65,0.53,0.42,2024-11-07,1025,N20,VIIRS,n,2,285.84,4.13,D,0
47.78429,29.01731,304.55,0.43,0.38,2024-11-08,0020,N20,VIIRS,n,2,272.93,1.09,N,2
47.78926,28.95318,311.3,0.43,0.38,2024-11-08,0020,N20,VIIRS,n,2,274.29,1.49,N,2
46.27542,28.30234,338.58,0.62,0.54,2024-11-08,1006,N20,VIIRS,n,2,288.22,13.13,D,0
46.277,28.29958,344.22,0.62,0.54,2024-11-08,1006,N20,VIIRS,n,2,290.36,19.43,D,0
47.79027,28.95384,299.05,0.46,0.63,2024-11-16,0110,N20,VIIRS,n,2,274.51,1.5,N,2
47.78962,28.95107,313.04,0.38,0.59,2024-11-16,2311,N20,VIIRS,n,2,275.39,1.38,N,2
47.79012,28.95138,311.27,0.38,0.59,2024-11-16,2311,N20,VIIRS,n,2,276.12,1.37,N,2
47.78889,28.95046,300.8,0.57,0.52,2024-11-17,0051,N20,VIIRS,n,2,273.22,1.4,N,2
47.48056,28.1668,332.5,0.43,0.38,2024-11-17,1038,N20,VIIRS,n,2,283.01,4.41,D,0
47.78999,28.95274,301.35,0.54,0.42,2024-11-18,0033,N20,VIIRS,n,2,270.92,1.41,N,2
46.4871,29.79179,327.64,0.38,0.59,2024-11-19,1140,N20,VIIRS,n,2,284.89,2.26,D,0
47.78828,28.95086,304.85,0.32,0.55,2024-11-21,2317,N20,VIIRS,n,2,270.87,0.87,N,2
47.79224,28.95342,305,0.33,0.56,2024-11-22,0057,N20,VIIRS,n,2,267.89,0.87,N,2
47.78427,29.01464,296.48,0.34,0.56,2024-11-22,0057,N20,VIIRS,n,2,268.96,0.54,N,2
47.78793,28.95411,300.59,0.43,0.38,2024-11-24,0020,N20,VIIRS,n,2,272.58,1.04,N,2
47.78491,29.01548,298.84,0.39,0.36,2024-11-25,0001,N20,VIIRS,n,2,269.85,0.88,N,2
47.79066,28.95299,305.72,0.39,0.36,2024-11-25,0001,N20,VIIRS,n,2,271.79,1.11,N,2
